"subreddit","Number","Word","Appearances"
"4chan",1,"hue",7975
"4chan",2,"4chan",3463
"4chan",3,"faggot",3416
"4chan",4,"usa",2242
"4chan",5,"flood",1678
"4chan",6,"kikes",1664
"4chan",7,"implying",1613
"4chan",8,"dick",1460
"4chan",9,"ass",1218
"4chan",10,"joke",1189
"abandonedporn",1,"abandoned",3402
"abandonedporn",2,"building",1751
"abandonedporn",3,"beautiful",1312
"abandonedporn",4,"city",1205
"abandonedporn",5,"area",1179
"abandonedporn",6,"pictures",1134
"abandonedporn",7,"photo",1133
"abandonedporn",8,"places",997
"abandonedporn",9,"reminds",955
"abandonedporn",10,"built",905
"adventuretime",1,"finn",2549
"adventuretime",2,"episode",2496
"adventuretime",3,"adventure",1934
"adventuretime",4,"jake",1851
"adventuretime",5,"ice",1174
"adventuretime",6,"king",1075
"adventuretime",7,"bmo",910
"adventuretime",8,"princess",898
"adventuretime",9,"characters",767
"adventuretime",10,"character",741
"adviceanimals",1,"dad",2375
"adviceanimals",2,"mom",2268
"adviceanimals",3,"parents",2180
"adviceanimals",4,"class",2085
"adviceanimals",5,"worked",1823
"adviceanimals",6,"wife",1786
"adviceanimals",7,"asked",1753
"adviceanimals",8,"college",1744
"adviceanimals",9,"leave",1728
"adviceanimals",10,"meme",1625
"alienblue",1,"app",4769
"alienblue",2,"alien",2693
"alienblue",3,"blue",2691
"alienblue",4,"iphone",1923
"alienblue",5,"ipad",1704
"alienblue",6,"ios",1683
"alienblue",7,"update",1615
"alienblue",8,"version",1322
"alienblue",9,"ab",1270
"alienblue",10,"mode",1209
"android",1,"google",21630
"android",2,"android",19364
"android",3,"app",18215
"android",4,"nexus",10499
"android",5,"apps",10464
"android",6,"apple",8243
"android",7,"phones",7146
"android",8,"battery",6466
"android",9,"screen",6434
"android",10,"device",6423
"animalsbeingjerks",1,"cat",6722
"animalsbeingjerks",2,"dog",4832
"animalsbeingjerks",3,"cats",3017
"animalsbeingjerks",4,"dogs",2069
"animalsbeingjerks",5,"|",1871
"animalsbeingjerks",6,"animals",1222
"animalsbeingjerks",7,"gif",1086
"animalsbeingjerks",8,"animal",994
"animalsbeingjerks",9,"horse",950
"animalsbeingjerks",10,"jerk",751
"anime",1,"anime",11679
"anime",2,"episode",3754
"anime",3,"series",3736
"anime",4,"season",2988
"anime",5,"watching",2833
"anime",6,"manga",2607
"anime",7,"character",2423
"anime",8,"characters",2357
"anime",9,"watched",2271
"anime",10,"shows",2041
"apple",1,"apple",25214
"apple",2,"iphone",9525
"apple",3,"app",8134
"apple",4,"mac",5957
"apple",5,"ios",5666
"apple",6,"ipad",4695
"apple",7,"screen",4626
"apple",8,"android",4498
"apple",9,"apps",4383
"apple",10,"windows",4203
"arresteddevelopment",1,"season",1709
"arresteddevelopment",2,"michael",1320
"arresteddevelopment",3,"episode",1157
"arresteddevelopment",4,"joke",1106
"arresteddevelopment",5,"ad",1091
"arresteddevelopment",6,"george",904
"arresteddevelopment",7,"tobias",802
"arresteddevelopment",8,"arrested",797
"arresteddevelopment",9,"netflix",764
"arresteddevelopment",10,"development",761
"art",1,"art",9973
"art",2,"painting",4004
"art",3,"artist",3296
"art",4,"piece",3166
"art",5,"beautiful",2265
"art",6,"paint",2054
"art",7,"drawing",1937
"art",8,"style",1792
"art",9,"image",1547
"art",10,"artists",1538
"askhistorians",1,"history",9526
"askhistorians",2,"answer",4602
"askhistorians",3,"century",4521
"askhistorians",4,"modern",4332
"askhistorians",5,"british",4240
"askhistorians",6,"roman",4238
"askhistorians",7,"american",3931
"askhistorians",8,"source",3888
"askhistorians",9,"sources",3877
"askhistorians",10,"german",3827
"askmen",1,"relationship",10775
"askmen",2,"woman",8838
"askmen",3,"girls",8088
"askmen",4,"date",5330
"askmen",5,"dating",5161
"askmen",6,"attractive",4792
"askmen",7,"situation",4344
"askmen",8,"girlfriend",4026
"askmen",9,"wife",4020
"askmen",10,"advice",3571
"askreddit",1,"dad",3982
"askreddit",2,"asked",3974
"askreddit",3,"mom",3951
"askreddit",4,"room",3862
"askreddit",5,"parents",3859
"askreddit",6,"door",2943
"askreddit",7,"class",2706
"askreddit",8,"worked",2671
"askreddit",9,"gold",2654
"askreddit",10,"\""i",2634
"askscience",1,"energy",11113
"askscience",2,"light",10007
"askscience",3,"air",6291
"askscience",4,"earth",6077
"askscience",5,"speed",5742
"askscience",6,"space",5488
"askscience",7,"pressure",5292
"askscience",8,"answer",5105
"askscience",9,"mass",5004
"askscience",10,"cells",4975
"askwomen",1,"relationship",7592
"askwomen",2,"woman",6912
"askwomen",3,"boyfriend",5496
"askwomen",4,"hair",5356
"askwomen",5,"girls",5016
"askwomen",6,"asked",3898
"askwomen",7,"felt",3849
"askwomen",8,"married",3667
"askwomen",9,"date",3635
"askwomen",10,"weird",3600
"asoiaf",1,"books",11275
"asoiaf",2,"jon",9388
"asoiaf",3,"tyrion",7490
"asoiaf",4,"grrm",6390
"asoiaf",5,"season",6153
"asoiaf",6,"character",5391
"asoiaf",7,"king",5350
"asoiaf",8,"stannis",5300
"asoiaf",9,"series",5159
"asoiaf",10,"dany",5103
"astronomy",1,"moon",2368
"astronomy",2,"light",2245
"astronomy",3,"telescope",2119
"astronomy",4,"earth",1882
"astronomy",5,"image",1870
"astronomy",6,"stars",1690
"astronomy",7,"star",1613
"astronomy",8,"sky",1613
"astronomy",9,"sun",1610
"astronomy",10,"space",1370
"atheism",1,"religion",13158
"atheism",2,"religious",10885
"atheism",3,"church",8752
"atheism",4,"christian",6125
"atheism",5,"bible",5880
"atheism",6,"jesus",5801
"atheism",7,"atheist",5562
"atheism",8,"christians",4771
"atheism",9,"science",4368
"atheism",10,"gay",4176
"aww",1,"dog",16528
"aww",2,"cat",12522
"aww",3,"dogs",7419
"aww",4,"cats",5267
"aww",5,"cute",5221
"aww",6,"adorable",2652
"aww",7,"puppy",2496
"aww",8,"animals",2252
"aww",9,"baby",1996
"aww",10,"pet",1964
"baconreader",1,"app",2087
"baconreader",2,"baconreader",1348
"baconreader",3,"version",780
"baconreader",4,"comments",674
"baconreader",5,"links",629
"baconreader",6,"browser",573
"baconreader",7,"android",567
"baconreader",8,"screen",534
"baconreader",9,"update",531
"baconreader",10,"ads",489
"baseball",1,"baseball",7727
"baseball",2,"ball",5217
"baseball",3,"fan",4931
"baseball",4,"fans",4299
"baseball",5,"season",3867
"baseball",6,"players",2815
"baseball",7,"series",2798
"baseball",8,"player",2592
"baseball",9,"field",2487
"baseball",10,"yankees",2240
"batman",1,"batman",15920
"batman",2,"joker",3937
"batman",3,"superman",3590
"batman",4,"bruce",3347
"batman",5,"character",1857
"batman",6,"comic",1787
"batman",7,"comics",1650
"batman",8,"wayne",1617
"batman",9,"dark",1477
"batman",10,"robin",1408
"battlestations",1,"desk",6240
"battlestations",2,"setup",6229
"battlestations",3,"monitors",5760
"battlestations",4,"monitor",5755
"battlestations",5,"keyboard",3713
"battlestations",6,"room",2822
"battlestations",7,"build",2508
"battlestations",8,"pc",2447
"battlestations",9,"computer",2416
"battlestations",10,"screen",2336
"beer",1,"beer",35831
"beer",2,"beers",10142
"beer",3,"craft",6138
"beer",4,"drink",5753
"beer",5,"brewery",5059
"beer",6,"breweries",3703
"beer",7,"drinking",3406
"beer",8,"bottle",3368
"beer",9,"taste",3093
"beer",10,"ipa",2933
"behindthegifs",1,"gif",2271
"behindthegifs",2,"sub",655
"behindthegifs",3,"subreddit",513
"behindthegifs",4,"comic",431
"behindthegifs",5,"^|",424
"behindthegifs",6,"gifs",396
"behindthegifs",7,"cat",392
"behindthegifs",8,"dog",364
"behindthegifs",9,"joke",323
"behindthegifs",10,"haha",281
"bestof",1,"comments",3020
"bestof",2,"thread",2720
"bestof",3,"advice",2225
"bestof",4,"themselves",2218
"bestof",5,"subreddit",2155
"bestof",6,"situation",2054
"bestof",7,"parents",1959
"bestof",8,"posts",1948
"bestof",9,"social",1945
"bestof",10,"police",1915
"bicycling",1,"bike",22268
"bicycling",2,"ride",7959
"bicycling",3,"road",5773
"bicycling",4,"bikes",5244
"bicycling",5,"riding",4822
"bicycling",6,"lane",3202
"bicycling",7,"cyclists",2851
"bicycling",8,"cars",2764
"bicycling",9,"cycling",2615
"bicycling",10,"traffic",2469
"bitcoin",1,"bitcoin",40543
"bitcoin",2,"btc",9674
"bitcoin",3,"bitcoins",6971
"bitcoin",4,"currency",5657
"bitcoin",5,"price",5148
"bitcoin",6,"coins",4499
"bitcoin",7,"value",4488
"bitcoin",8,"wallet",4219
"bitcoin",9,"market",4081
"bitcoin",10,"bank",3899
"bodyweightfitness",1,"strength",3792
"bodyweightfitness",2,"training",3126
"bodyweightfitness",3,"weight",3003
"bodyweightfitness",4,"pull",2611
"bodyweightfitness",5,"exercises",2587
"bodyweightfitness",6,"ups",2565
"bodyweightfitness",7,"muscle",2469
"bodyweightfitness",8,"routine",2381
"bodyweightfitness",9,"exercise",2225
"bodyweightfitness",10,"workout",2171
"books",1,"books",28314
"books",2,"series",5655
"books",3,"library",4367
"books",4,"writing",4100
"books",5,"favorite",3456
"books",6,"list",3335
"books",7,"author",3242
"books",8,"characters",3103
"books",9,"written",3008
"books",10,"stories",2774
"breakingbad",1,"walt",13488
"breakingbad",2,"jesse",8242
"breakingbad",3,"season",4674
"breakingbad",4,"episode",4449
"breakingbad",5,"hank",3762
"breakingbad",6,"breaking",3707
"breakingbad",7,"scene",3190
"breakingbad",8,"meth",2917
"breakingbad",9,"walter",2426
"breakingbad",10,"character",2258
"buildapc",1,"|",18764
"buildapc",2,"build",13251
"buildapc",3,"pc",9036
"buildapc",4,"card",8791
"buildapc",5,"cpu",8501
"buildapc",6,"computer",7399
"buildapc",7,"@",6874
"buildapc",8,"price",6013
"buildapc",9,"windows",5837
"buildapc",10,"drive",5758
"business",1,"business",7856
"business",2,"companies",6185
"business",3,"market",6029
"business",4,"tax",5521
"business",5,"credit",3775
"business",6,"taxes",3385
"business",7,"price",3355
"business",8,"paid",3294
"business",9,"cost",3175
"business",10,"employees",3158
"buyitforlife",1,"bifl",5869
"buyitforlife",2,"quality",5493
"buyitforlife",3,"bought",4640
"buyitforlife",4,"pair",3881
"buyitforlife",5,"wear",3438
"buyitforlife",6,"leather",3091
"buyitforlife",7,"mine",3067
"buyitforlife",8,"boots",2815
"buyitforlife",9,"price",2743
"buyitforlife",10,"bag",2740
"canada",1,"canada",14170
"canada",2,"canadian",9459
"canada",3,"harper",4545
"canada",4,"party",4294
"canada",5,"vote",3901
"canada",6,"canadians",3830
"canada",7,"public",3124
"canada",8,"service",2841
"canada",9,"police",2707
"canada",10,"quebec",2686
"carporn",1,"cars",4856
"carporn",2,"drive",1465
"carporn",3,"front",1460
"carporn",4,"beautiful",1357
"carporn",5,"engine",1334
"carporn",6,"wheels",1321
"carporn",7,"ferrari",1244
"carporn",8,"rear",936
"carporn",9,"design",898
"carporn",10,"color",817
"cars",1,"cars",12794
"cars",2,"drive",6090
"cars",3,"engine",5224
"cars",4,"driving",4118
"cars",5,"speed",2834
"cars",6,"front",2563
"cars",7,"turbo",2432
"cars",8,"road",2421
"cars",9,"track",2179
"cars",10,"wheels",2142
"cats",1,"cat",26736
"cats",2,"cats",13176
"cats",3,"kitty",4361
"cats",4,"cute",3322
"cats",5,"kitten",2709
"cats",6,"beautiful",2236
"cats",7,"mine",2064
"cats",8,"adorable",2022
"cats",9,"vet",1994
"cats",10,"kittens",1955
"celebs",1,"hot",720
"celebs",2,"ass",650
"celebs",3,"gif",503
"celebs",4,"boobs",473
"celebs",5,"tits",397
"celebs",6,"pictures",389
"celebs",7,"woman",333
"celebs",8,"attractive",323
"celebs",9,"naked",272
"celebs",10,"pics",270
"cfb",1,"football",7687
"cfb",2,"fans",4823
"cfb",3,"season",4431
"cfb",4,"teams",4390
"cfb",5,"bowl",4188
"cfb",6,"fan",3946
"cfb",7,"college",3940
"cfb",8,"win",3845
"cfb",9,"sec",3816
"cfb",10,"players",3483
"changemyview",1,"view",11302
"changemyview",2,"argument",11060
"changemyview",3,"society",11026
"changemyview",4,"child",8290
"changemyview",5,"children",7946
"changemyview",6,"law",7055
"changemyview",7,"whether",6949
"changemyview",8,"social",6498
"changemyview",9,"themselves",6339
"changemyview",10,"public",6338
"chemicalreactiongifs",1,"reaction",1933
"chemicalreactiongifs",2,"gif",1394
"chemicalreactiongifs",3,"liquid",954
"chemicalreactiongifs",4,"chemical",901
"chemicalreactiongifs",5,"gas",709
"chemicalreactiongifs",6,"chemistry",690
"chemicalreactiongifs",7,"fire",654
"chemicalreactiongifs",8,"ice",622
"chemicalreactiongifs",9,"|",621
"chemicalreactiongifs",10,"oxygen",608
"circlejerk",1,"eh",14060
"circlejerk",2,"|",13889
"circlejerk",3,"office",13397
"circlejerk",4,"depot",13185
"circlejerk",5,"dae",9670
"circlejerk",6,":\\^",9545
"circlejerk",7,"le",7834
"circlejerk",8,"donger",7595
"circlejerk",9,"\u0ca0_\u0ca0",6195
"circlejerk",10,"\u00b6",6004
"cityporn",1,"city",5520
"cityporn",2,"building",1921
"cityporn",3,"beautiful",1672
"cityporn",4,"buildings",1508
"cityporn",5,"cities",1408
"cityporn",6,"photo",1219
"cityporn",7,"area",1040
"cityporn",8,"view",915
"cityporn",9,"chicago",846
"cityporn",10,"shot",844
"civ",1,"civ",9785
"civ",2,"city",8164
"civ",3,"cities",4640
"civ",4,"units",3653
"civ",5,"ai",3568
"civ",6,"map",2873
"civ",7,"civs",2375
"civ",8,"build",2294
"civ",9,"mod",2270
"civ",10,"unit",2133
"comicbooks",1,"batman",5943
"comicbooks",2,"comics",5729
"comicbooks",3,"comic",5339
"comicbooks",4,"marvel",4957
"comicbooks",5,"character",4310
"comicbooks",6,"superman",4079
"comicbooks",7,"characters",3070
"comicbooks",8,"series",2948
"comicbooks",9,"art",2526
"comicbooks",10,"dc",2474
"comics",1,"comic",5725
"comics",2,"comics",2866
"comics",3,"joke",1910
"comics",4,"jim",1542
"comics",5,"panel",1454
"comics",6,"art",979
"comics",7,"^|",890
"comics",8,"comments",820
"comics",9,"sad",819
"comics",10,"style",816
"community",1,"season",7303
"community",2,"community",7163
"community",3,"episode",6084
"community",4,"abed",3070
"community",5,"episodes",2827
"community",6,"troy",2323
"community",7,"shows",2202
"community",8,"character",2180
"community",9,"poop",1971
"community",10,"jeff",1968
"conspiracy",1,"police",5175
"conspiracy",2,"conspiracy",5092
"conspiracy",3,"news",3472
"conspiracy",4,"military",3299
"conspiracy",5,"israel",3201
"conspiracy",6,"media",3196
"conspiracy",7,"public",3135
"conspiracy",8,"american",3060
"conspiracy",9,"information",3001
"conspiracy",10,"evidence",2963
"cooking",1,"recipe",5719
"cooking",2,"cooking",4901
"cooking",3,"cook",4892
"cooking",4,"sauce",4335
"cooking",5,"oil",4080
"cooking",6,"cheese",3891
"cooking",7,"pan",3694
"cooking",8,"chicken",3667
"cooking",9,"meat",3606
"cooking",10,"salt",3465
"cosplay",1,"cosplay",3983
"cosplay",2,"costume",2527
"cosplay",3,"character",1013
"cosplay",4,"hair",865
"cosplay",5,":d",840
"cosplay",6,"haha",740
"cosplay",7,"fantastic",722
"cosplay",8,"costumes",680
"cosplay",9,"con",646
"cosplay",10,"perfect",594
"cosplaygirls",1,"cosplay",2137
"cosplaygirls",2,"costume",858
"cosplaygirls",3,"character",591
"cosplaygirls",4,"boobs",573
"cosplaygirls",5,"hot",508
"cosplaygirls",6,"sexy",490
"cosplaygirls",7,"girls",425
"cosplaygirls",8,"tits",360
"cosplaygirls",9,"costumes",330
"cosplaygirls",10,"ass",329
"crappydesign",1,"design",3670
"crappydesign",2,"crappy",1618
"crappydesign",3,"/crap",1113
"crappydesign",4,"^|",810
"crappydesign",5,"text",673
"crappydesign",6,"sign",633
"crappydesign",7,"logo",572
"crappydesign",8,"image",568
"crappydesign",9,"supposed",558
"crappydesign",10,"site",538
"crazyideas",1,"crazy",2537
"crazyideas",2,"subreddit",898
"crazyideas",3,"ideas",870
"crazyideas",4,"karma",703
"crazyideas",5,"you'd",666
"crazyideas",6,"tv",651
"crazyideas",7,"sub",645
"crazyideas",8,"eat",579
"crazyideas",9,"^^^^le",576
"crazyideas",10,"except",563
"creepy",1,"creepy",5289
"creepy",2,"reminds",1356
"creepy",3,"dead",1315
"creepy",4,"eyes",1219
"creepy",5,"scary",1213
"creepy",6,"sleep",1145
"creepy",7,"room",1116
"creepy",8,"photo",1072
"creepy",9,"weird",941
"creepy",10,"nope",904
"creepypms",1,"creepy",3843
"creepypms",2,"message",2986
"creepypms",3,"rule",2320
"creepypms",4,"/s",2246
"creepypms",5,"creep",1799
"creepypms",6,"rules",1751
"creepypms",7,"dick",1720
"creepypms",8,"messages",1701
"creepypms",9,"mods",1696
"creepypms",10,"removed",1649
"cringe",1,"cringe",6937
"cringe",2,"videos",2392
"cringe",3,"watching",2094
"cringe",4,"youtube",1915
"cringe",5,"joke",1770
"cringe",6,"song",1655
"cringe",7,"hilarious",1593
"cringe",8,"comments",1508
"cringe",9,"awkward",1502
"cringe",10,"tv",1374
"cringepics",1,"cringe",3786
"cringepics",2,"facebook",3010
"cringepics",3,"joke",1996
"cringepics",4,"girls",1701
"cringepics",5,"comments",1443
"cringepics",6,"weird",1400
"cringepics",7,"posted",1310
"cringepics",8,"haha",1239
"cringepics",9,"u",1187
"cringepics",10,"dick",1174
"dadjokes",1,"dad",5145
"dadjokes",2,"joke",3569
"dadjokes",3,"jokes",1521
"dadjokes",4,"pun",548
"dadjokes",5,"heh",515
"dadjokes",6,"puns",409
"dadjokes",7,"laugh",405
"dadjokes",8,"thread",386
"dadjokes",9,"wife",384
"dadjokes",10,"dads",368
"dataisbeautiful",1,"data",11244
"dataisbeautiful",2,"graph",4790
"dataisbeautiful",3,"population",3650
"dataisbeautiful",4,"map",3081
"dataisbeautiful",5,"|",3078
"dataisbeautiful",6,"chart",3018
"dataisbeautiful",7,"per",2960
"dataisbeautiful",8,"countries",2883
"dataisbeautiful",9,"states",2649
"dataisbeautiful",10,"average",2472
"dayz",1,"dayz",9674
"dayz",2,"server",5739
"dayz",3,"zombies",4206
"dayz",4,"mod",3720
"dayz",5,"players",3650
"dayz",6,"loot",3097
"dayz",7,"arma",2997
"dayz",8,"rocket",2957
"dayz",9,"servers",2910
"dayz",10,"player",2716
"depthhub",1,"argument",1869
"depthhub",2,"society",1582
"depthhub",3,"discussion",1514
"depthhub",4,"social",1438
"depthhub",5,"history",1391
"depthhub",6,"culture",1382
"depthhub",7,"comments",1245
"depthhub",8,"whether",1181
"depthhub",9,"themselves",1174
"depthhub",10,"certain",1075
"design",1,"design",7817
"design",2,"logo",3798
"design",3,"designer",1878
"design",4,"font",1425
"design",5,"art",1401
"design",6,"designers",1311
"design",7,"text",1296
"design",8,"color",1258
"design",9,"image",1200
"design",10,"type",1122
"destinythegame",1,"destiny",8337
"destinythegame",2,"raid",7999
"destinythegame",3,"bungie",7242
"destinythegame",4,"gear",4962
"destinythegame",5,"legendary",4856
"destinythegame",6,"kill",4516
"destinythegame",7,"exotic",4363
"destinythegame",8,"pvp",4066
"destinythegame",9,"damage",3961
"destinythegame",10,"titan",3842
"diablo",1,"diablo",11960
"diablo",2,"damage",11896
"diablo",3,"items",10801
"diablo",4,"gear",9893
"diablo",5,"blizzard",9650
"diablo",6,"act",7560
"diablo",7,"d3",7329
"diablo",8,"item",6823
"diablo",9,"gold",6396
"diablo",10,"drop",5748
"diy",1,"wood",6556
"diy",2,"project",4166
"diy",3,"wall",3632
"diy",4,"paint",3537
"diy",5,"table",3448
"diy",6,"build",3426
"diy",7,"room",3187
"diy",8,"beautiful",2779
"diy",9,"cut",2735
"diy",10,"cost",2731
"doctorwho",1,"doctor",13796
"doctorwho",2,"episode",3702
"doctorwho",3,"tardis",3024
"doctorwho",4,"series",1828
"doctorwho",5,"matt",1647
"doctorwho",6,"episodes",1606
"doctorwho",7,"season",1581
"doctorwho",8,"smith",1572
"doctorwho",9,"tennant",1408
"doctorwho",10,"amy",1398
"documentaries",1,"documentary",6515
"documentaries",2,"film",2863
"documentaries",3,"watching",1912
"documentaries",4,"documentaries",1901
"documentaries",5,"watched",1849
"documentaries",6,"history",1714
"documentaries",7,"doc",1634
"documentaries",8,"american",1608
"documentaries",9,"vice",1225
"documentaries",10,"society",1139
"doesanybodyelse",1,"sleep",2984
"doesanybodyelse",2,"eat",2419
"doesanybodyelse",3,"weird",1988
"doesanybodyelse",4,"dae",1855
"doesanybodyelse",5,"bed",1804
"doesanybodyelse",6,"feeling",1669
"doesanybodyelse",7,"happens",1634
"doesanybodyelse",8,"song",1593
"doesanybodyelse",9,"wake",1576
"doesanybodyelse",10,"watching",1556
"dota2",1,"dota",11698
"dota2",2,"valve",5224
"dota2",3,"hero",4699
"dota2",4,"players",4690
"dota2",5,"heroes",3522
"dota2",6,"player",3057
"dota2",7,"nbsp;",2948
"dota2",8,"teams",2446
"dota2",9,"items",2427
"dota2",10,"damage",2345
"drugs",1,"drugs",11148
"drugs",2,"drug",9213
"drugs",3,"lsd",4480
"drugs",4,"weed",4256
"drugs",5,"trip",3849
"drugs",6,"mdma",3627
"drugs",7,"alcohol",2926
"drugs",8,"acid",2920
"drugs",9,"heroin",2713
"drugs",10,"marijuana",2413
"drunk",1,"drunk",3832
"drunk",2,"drink",3827
"drunk",3,"beer",3325
"drunk",4,"drinking",2323
"drunk",5,"alcohol",1313
"drunk",6,"bottle",1298
"drunk",7,"bar",917
"drunk",8,"vodka",886
"drunk",9,"liquor",781
"drunk",10,"cheers",774
"earthporn",1,"beautiful",8425
"earthporn",2,"photo",4406
"earthporn",3,"lake",3790
"earthporn",4,"mountain",3066
"earthporn",5,"area",2677
"earthporn",6,"places",2415
"earthporn",7,"mountains",2399
"earthporn",8,"shot",2387
"earthporn",9,"park",2291
"earthporn",10,"summer",2200
"eatcheapandhealthy",1,"chicken",5175
"eatcheapandhealthy",2,"eat",4905
"eatcheapandhealthy",3,"rice",4871
"eatcheapandhealthy",4,"cook",3679
"eatcheapandhealthy",5,"cheese",3621
"eatcheapandhealthy",6,"sauce",3516
"eatcheapandhealthy",7,"recipe",3402
"eatcheapandhealthy",8,"oil",3277
"eatcheapandhealthy",9,"cheap",3182
"eatcheapandhealthy",10,"beans",3163
"economics",1,"market",13603
"economics",2,"tax",12720
"economics",3,"income",9641
"economics",4,"economy",9180
"economics",5,"price",7974
"economics",6,"debt",7702
"economics",7,"economic",7517
"economics",8,"taxes",7314
"economics",9,"banks",7074
"economics",10,"jobs",7021
"electronicmusic",1,"song",4716
"electronicmusic",2,"album",4458
"electronicmusic",3,"electronic",3081
"electronicmusic",4,"track",2627
"electronicmusic",5,"listen",2253
"electronicmusic",6,"edm",2240
"electronicmusic",7,"songs",2120
"electronicmusic",8,"remix",2036
"electronicmusic",9,"tracks",1964
"electronicmusic",10,"artists",1792
"entertainment",1,"tv",3452
"entertainment",2,"movies",3089
"entertainment",3,"shows",3048
"entertainment",4,"season",2754
"entertainment",5,"watching",2474
"entertainment",6,"episode",2343
"entertainment",7,"film",2022
"entertainment",8,"character",1597
"entertainment",9,"watched",1558
"entertainment",10,"news",1551
"entrepreneur",1,"business",13819
"entrepreneur",2,"product",5488
"entrepreneur",3,"site",4831
"entrepreneur",4,"sell",3392
"entrepreneur",5,"market",3195
"entrepreneur",6,"website",3164
"entrepreneur",7,"marketing",2886
"entrepreneur",8,"sales",2784
"entrepreneur",9,"products",2451
"entrepreneur",10,"selling",2250
"environment",1,"oil",5450
"environment",2,"energy",4539
"environment",3,"climate",4527
"environment",4,"environment",2556
"environment",5,"environmental",2508
"environment",6,"gas",2359
"environment",7,"global",2318
"environment",8,"science",2307
"environment",9,"companies",2234
"environment",10,"population",2006
"europe",1,"eu",8051
"europe",2,"russia",7363
"europe",3,"europe",6709
"europe",4,"countries",6388
"europe",5,"germany",4883
"europe",6,"european",4629
"europe",7,"uk",4278
"europe",8,"russian",4213
"europe",9,"german",3596
"europe",10,"ukraine",3388
"everymanshouldknow",1,"advice",1346
"everymanshouldknow",2,"learn",1229
"everymanshouldknow",3,"knife",1044
"everymanshouldknow",4,"wear",1036
"everymanshouldknow",5,"cut",1034
"everymanshouldknow",6,"hair",1025
"everymanshouldknow",7,"drink",979
"everymanshouldknow",8,"shave",834
"everymanshouldknow",9,"steak",831
"everymanshouldknow",10,"tie",820
"explainlikeimfive",1,"answer",5396
"explainlikeimfive",2,"brain",4490
"explainlikeimfive",3,"light",4134
"explainlikeimfive",4,"certain",3367
"explainlikeimfive",5,"energy",3269
"explainlikeimfive",6,"blood",3208
"explainlikeimfive",7,"information",3203
"explainlikeimfive",8,"sleep",3151
"explainlikeimfive",9,"law",3104
"explainlikeimfive",10,"states",2938
"facepalm",1,"facebook",3121
"facepalm",2,"joke",2189
"facepalm",3,"facepalm",1461
"facepalm",4,"english",1292
"facepalm",5,"comments",1186
"facepalm",6,"posted",1144
"facepalm",7,"dumb",1081
"facepalm",8,"parents",1073
"facepalm",9,"correct",968
"facepalm",10,"obviously",939
"fallout",1,"fallout",9321
"fallout",2,"vegas",2957
"fallout",3,"vault",2061
"fallout",4,"mod",1912
"fallout",5,"kill",1769
"fallout",6,"bethesda",1662
"fallout",7,"nv",1651
"fallout",8,"character",1440
"fallout",9,"wasteland",1401
"fallout",10,"mods",1377
"fantasyfootball",1,"league",15312
"fantasyfootball",2,"points",8376
"fantasyfootball",3,"season",6585
"fantasyfootball",4,"fantasy",6376
"fantasyfootball",5,"trade",5831
"fantasyfootball",6,"pick",5589
"fantasyfootball",7,"gordon",5263
"fantasyfootball",8,"players",4870
"fantasyfootball",9,"weeks",4668
"fantasyfootball",10,"rb",4539
"fantheories",1,"theory",7460
"fantheories",2,"episode",2210
"fantheories",3,"universe",2154
"fantheories",4,"character",2111
"fantheories",5,"batman",2069
"fantheories",6,"movies",1770
"fantheories",7,"death",1682
"fantheories",8,"fan",1666
"fantheories",9,"film",1650
"fantheories",10,"himself",1646
"fffffffuuuuuuuuuuuu",1,"comic",2938
"fffffffuuuuuuuuuuuu",2,"rage",1935
"fffffffuuuuuuuuuuuu",3,"mom",1408
"fffffffuuuuuuuuuuuu",4,"dad",1363
"fffffffuuuuuuuuuuuu",5,"parents",1346
"fffffffuuuuuuuuuuuu",6,"upvote",1142
"fffffffuuuuuuuuuuuu",7,"dog",1099
"fffffffuuuuuuuuuuuu",8,"happens",1076
"fffffffuuuuuuuuuuuu",9,"\""i",1064
"fffffffuuuuuuuuuuuu",10,"ass",1046
"fiftyfifty",1,"50/50",1407
"fiftyfifty",2,"gif",1274
"fiftyfifty",3,"option",1130
"fiftyfifty",4,"click",1052
"fiftyfifty",5,"porn",974
"fiftyfifty",6,"ass",770
"fiftyfifty",7,"nsfw",764
"fiftyfifty",8,"subreddit",749
"fiftyfifty",9,"sub",703
"fiftyfifty",10,"clicked",669
"firstworldanarchists",1,"mods",1784
"firstworldanarchists",2,"anarchy",1625
"firstworldanarchists",3,"3232;",1263
"firstworldanarchists",4,"3232;\\_",1247
"firstworldanarchists",5,"subreddit",1057
"firstworldanarchists",6,"anarchist",1040
"firstworldanarchists",7,"sub",912
"firstworldanarchists",8,"|",904
"firstworldanarchists",9,"rules",839
"firstworldanarchists",10,"joke",780
"firstworldproblems",1,"problems",868
"firstworldproblems",2,"eat",797
"firstworldproblems",3,"google",788
"firstworldproblems",4,"tv",765
"firstworldproblems",5,"mine",756
"firstworldproblems",6,"computer",646
"firstworldproblems",7,"joke",632
"firstworldproblems",8,"order",630
"firstworldproblems",9,"pizza",593
"firstworldproblems",10,"drive",581
"fitness",1,"gym",14158
"fitness",2,"weight",13062
"fitness",3,"fat",7326
"fitness",4,"eat",6739
"fitness",5,"lifting",6233
"fitness",6,"muscle",5567
"fitness",7,"lift",4903
"fitness",8,"diet",4883
"fitness",9,"squat",4815
"fitness",10,"eating",4488
"food",1,"eat",6158
"food",2,"cheese",5768
"food",3,"meat",4903
"food",4,"delicious",4683
"food",5,"recipe",4406
"food",6,"sauce",3951
"food",7,"bacon",3575
"food",8,"cook",3275
"food",9,"taste",3240
"food",10,"pizza",3036
"foodforthought",1,"society",2965
"foodforthought",2,"social",2511
"foodforthought",3,"poor",2213
"foodforthought",4,"public",2197
"foodforthought",5,"education",2175
"foodforthought",6,"children",2175
"foodforthought",7,"class",2127
"foodforthought",8,"college",2104
"foodforthought",9,"themselves",1991
"foodforthought",10,"parents",1986
"foodporn",1,"cheese",4082
"foodporn",2,"eat",3534
"foodporn",3,"recipe",3455
"foodporn",4,"delicious",3169
"foodporn",5,"bacon",2697
"foodporn",6,"meat",2432
"foodporn",7,"sauce",2298
"foodporn",8,"burger",2005
"foodporn",9,"taste",1821
"foodporn",10,"bread",1758
"freebies",1,"mine",1674
"freebies",2,"email",1637
"freebies",3,"code",1362
"freebies",4,"card",1189
"freebies",5,"order",1110
"freebies",6,"worked",1067
"freebies",7,"send",989
"freebies",8,"site",948
"freebies",9,"coupon",939
"freebies",10,"store",861
"frugal",1,"credit",6436
"frugal",2,"cost",5939
"frugal",3,"price",5896
"frugal",4,"store",5829
"frugal",5,"month",5735
"frugal",6,"cheap",5463
"frugal",7,"card",5113
"frugal",8,"frugal",4641
"frugal",9,"save",4318
"frugal",10,"bought",4227
"frugalmalefashion",1,"fit",6016
"frugalmalefashion",2,"size",5011
"frugalmalefashion",3,"pair",4044
"frugalmalefashion",4,"price",4029
"frugalmalefashion",5,"wear",3696
"frugalmalefashion",6,"sale",3643
"frugalmalefashion",7,"store",3021
"frugalmalefashion",8,"quality",2907
"frugalmalefashion",9,"bought",2887
"frugalmalefashion",10,"slim",2830
"fullmoviesonyoutube",1,"9733;",6622
"fullmoviesonyoutube",2,"9734;",2888
"fullmoviesonyoutube",3,"imdb",2072
"fullmoviesonyoutube",4,"film",2050
"fullmoviesonyoutube",5,"---",1986
"fullmoviesonyoutube",6,"bot",1131
"fullmoviesonyoutube",7,"wikipedia",1104
"fullmoviesonyoutube",8,"|",1098
"fullmoviesonyoutube",9,"information",1023
"fullmoviesonyoutube",10,"votes",965
"funny",1,"dog",2333
"funny",2,"cat",1826
"funny",3,"joke",1304
"funny",4,"ass",1212
"funny",5,"front",1207
"funny",6,"dad",1177
"funny",7,"gonna",1039
"funny",8,"door",1001
"funny",9,"eat",970
"funny",10,"room",961
"futurama",1,"episode",3405
"futurama",2,"futurama",2240
"futurama",3,"fry",1395
"futurama",4,"bender",1378
"futurama",5,"season",1120
"futurama",6,"episodes",1015
"futurama",7,"joke",769
"futurama",8,"zoidberg",754
"futurama",9,"favorite",681
"futurama",10,"simpsons",641
"futurology",1,"technology",6538
"futurology",2,"future",5489
"futurology",3,"energy",5351
"futurology",4,"space",4813
"futurology",5,"cars",4418
"futurology",6,"cost",3925
"futurology",7,"solar",3903
"futurology",8,"jobs",3874
"futurology",9,"income",3361
"futurology",10,"humans",3217
"gadgets",1,"apple",5010
"gadgets",2,"android",4012
"gadgets",3,"battery",3819
"gadgets",4,"screen",3647
"gadgets",5,"device",3611
"gadgets",6,"phones",3278
"gadgets",7,"iphone",3112
"gadgets",8,"google",2756
"gadgets",9,"price",2727
"gadgets",10,"product",2487
"gamedeals",1,"steam",16356
"gamedeals",2,"sale",10135
"gamedeals",3,"bundle",8040
"gamedeals",4,"price",7538
"gamedeals",5,"dlc",6181
"gamedeals",6,"bought",6135
"gamedeals",7,"|",5936
"gamedeals",8,"key",3899
"gamedeals",9,"pc",3717
"gamedeals",10,"version",3708
"gamedev",1,"code",5461
"gamedev",2,"unity",4112
"gamedev",3,"project",3848
"gamedev",4,"engine",3581
"gamedev",5,"development",3207
"gamedev",6,"art",3169
"gamedev",7,"programming",2660
"gamedev",8,"indie",2608
"gamedev",9,"design",2357
"gamedev",10,"source",2256
"gameofthrones",1,"books",7416
"gameofthrones",2,"season",4905
"gameofthrones",3,"b",4511
"gameofthrones",4,"tyrion",3922
"gameofthrones",5,"character",3809
"gameofthrones",6,"episode",3405
"gameofthrones",7,"king",3255
"gameofthrones",8,"scene",3253
"gameofthrones",9,"jon",3117
"gameofthrones",10,"characters",2914
"games",1,"steam",9353
"games",2,"pc",8739
"games",3,"gaming",5403
"games",4,"release",5074
"games",5,"console",4963
"games",6,"content",4821
"games",7,"version",4653
"games",8,"xbox",4637
"games",9,"players",4470
"games",10,"online",4319
"gaming",1,"pc",2189
"gaming",2,"mario",1868
"gaming",3,"version",1772
"gaming",4,"original",1731
"gaming",5,"steam",1699
"gaming",6,"gaming",1679
"gaming",7,"xbox",1642
"gaming",8,"kill",1594
"gaming",9,"super",1588
"gaming",10,"bought",1581
"geek",1,"windows",2983
"geek",2,"computer",2865
"geek",3,"google",2544
"geek",4,"data",1943
"geek",5,"drive",1553
"geek",6,"software",1503
"geek",7,"version",1243
"geek",8,"star",1229
"geek",9,"=",1187
"geek",10,"page",1160
"gentlemanboners",1,"hot",1568
"gentlemanboners",2,"beautiful",1476
"gentlemanboners",3,"woman",1328
"gentlemanboners",4,"attractive",1075
"gentlemanboners",5,"gorgeous",840
"gentlemanboners",6,"eyes",829
"gentlemanboners",7,"hair",807
"gentlemanboners",8,"dress",768
"gentlemanboners",9,"photo",714
"gentlemanboners",10,"subreddit",666
"getdisciplined",1,"sleep",2360
"getdisciplined",2,"goals",1932
"getdisciplined",3,"bed",1874
"getdisciplined",4,"goal",1544
"getdisciplined",5,"learn",1482
"getdisciplined",6,"advice",1407
"getdisciplined",7,"discipline",1341
"getdisciplined",8,"morning",1326
"getdisciplined",9,"list",1309
"getdisciplined",10,"focus",1305
"getmotivated",1,"quote",2975
"getmotivated",2,"weight",2361
"getmotivated",3,"motivation",1982
"getmotivated",4,"fat",1644
"getmotivated",5,"gym",1550
"getmotivated",6,"advice",1486
"getmotivated",7,"motivated",1360
"getmotivated",8,"depression",1352
"getmotivated",9,"eat",1321
"getmotivated",10,"feeling",1244
"gif",1,"|",5212
"gif",2,"gif",1458
"gif",3,"gifs",606
"gif",4,"cat",453
"gif",5,"dog",375
"gif",6,"source",299
"gif",7,"repost",294
"gif",8,"^|",282
"gif",9,"ass",280
"gif",10,"1^yr",279
"gifs",1,"gif",4245
"gifs",2,"dog",2764
"gifs",3,"cat",2624
"gifs",4,"ball",1767
"gifs",5,"watching",1394
"gifs",6,"dogs",1229
"gifs",7,"front",1126
"gifs",8,"cats",1118
"gifs",9,"air",1060
"gifs",10,"source",1043
"globaloffensive",1,"valve",5941
"globaloffensive",2,"players",5499
"globaloffensive",3,"map",4539
"globaloffensive",4,"cs",4405
"globaloffensive",5,"player",3423
"globaloffensive",6,"csgo",3079
"globaloffensive",7,"cs:go",2931
"globaloffensive",8,"maps",2890
"globaloffensive",9,"competitive",2648
"globaloffensive",10,"community",2628
"grandtheftautov",1,"gta",5572
"grandtheftautov",2,"online",3133
"grandtheftautov",3,"cars",2628
"grandtheftautov",4,"rockstar",2318
"grandtheftautov",5,"map",1786
"grandtheftautov",6,"mission",1732
"grandtheftautov",7,"character",1692
"grandtheftautov",8,"pc",1673
"grandtheftautov",9,"v",1665
"grandtheftautov",10,"player",1545
"guildwars2",1,"players",9051
"guildwars2",2,"gw2",8159
"guildwars2",3,"guild",6476
"guildwars2",4,"anet",6330
"guildwars2",5,"wvw",4679
"guildwars2",6,"content",4640
"guildwars2",7,"character",4252
"guildwars2",8,"damage",4074
"guildwars2",9,"gold",4038
"guildwars2",10,"server",3972
"guitar",1,"guitar",17948
"guitar",2,"song",3925
"guitar",3,"guitars",3905
"guitar",4,"learn",2857
"guitar",5,"band",2638
"guitar",6,"songs",2617
"guitar",7,"strings",2536
"guitar",8,"string",2315
"guitar",9,"chord",2304
"guitar",10,"chords",2088
"guns",1,"gun",16434
"guns",2,"guns",8179
"guns",3,"rifle",5610
"guns",4,"shoot",4505
"guns",5,"barrel",4053
"guns",6,"shooting",3963
"guns",7,"shot",3606
"guns",8,"range",3559
"guns",9,"ammo",3228
"guns",10,"rounds",3139
"harrypotter",1,"harry",9303
"harrypotter",2,"books",4091
"harrypotter",3,"potter",3765
"harrypotter",4,"snape",2677
"harrypotter",5,"voldemort",2212
"harrypotter",6,"dumbledore",2132
"harrypotter",7,"series",2007
"harrypotter",8,"hermione",1885
"harrypotter",9,"movies",1884
"harrypotter",10,"ron",1880
"health",1,"health",3942
"health",2,"sugar",2706
"health",3,"eat",2370
"health",4,"insurance",2107
"health",5,"cancer",1882
"health",6,"fat",1860
"health",7,"medical",1849
"health",8,"doctor",1622
"health",9,"healthy",1595
"health",10,"diet",1583
"hearthstone",1,"cards",15597
"hearthstone",2,"card",14441
"hearthstone",3,"deck",13642
"hearthstone",4,"decks",6769
"hearthstone",5,"mana",6621
"hearthstone",6,"hearthstone",6268
"hearthstone",7,"damage",5149
"hearthstone",8,"board",4850
"hearthstone",9,"players",4779
"hearthstone",10,"blizzard",4580
"hiphopheads",1,"album",10686
"hiphopheads",2,"song",8548
"hiphopheads",3,"rap",4656
"hiphopheads",4,"kanye",4339
"hiphopheads",5,"songs",4053
"hiphopheads",6,"beat",3452
"hiphopheads",7,"track",3324
"hiphopheads",8,"hip",3312
"hiphopheads",9,"hop",3301
"hiphopheads",10,"listen",3248
"history",1,"history",7782
"history",2,"american",2721
"history",3,"german",2676
"history",4,"germany",2270
"history",5,"british",2070
"history",6,"military",1978
"history",7,"hitler",1928
"history",8,"japanese",1864
"history",9,"modern",1704
"history",10,"army",1557
"historyporn",1,"photo",3246
"historyporn",2,"history",3160
"historyporn",3,"german",2781
"historyporn",4,"american",2204
"historyporn",5,"soldiers",2071
"historyporn",6,"germany",1930
"historyporn",7,"army",1735
"historyporn",8,"taken",1719
"historyporn",9,"military",1617
"historyporn",10,"hitler",1589
"hockey",1,"hockey",9852
"hockey",2,"fan",5293
"hockey",3,"fans",4318
"hockey",4,"players",4214
"hockey",5,"nhl",3935
"hockey",6,"ice",3499
"hockey",7,"season",3472
"hockey",8,"player",3274
"hockey",9,"goal",3156
"hockey",10,"cup",2890
"holdmybeer",1,"beer",1262
"holdmybeer",2,"hold",716
"holdmybeer",3,"gif",642
"holdmybeer",4,"fire",607
"holdmybeer",5,"hmb",517
"holdmybeer",6,"jump",428
"holdmybeer",7,"drunk",409
"holdmybeer",8,"bike",368
"holdmybeer",9,"hurt",351
"holdmybeer",10,"front",333
"homebrewing",1,"beer",9863
"homebrewing",2,"brew",3677
"homebrewing",3,"yeast",3439
"homebrewing",4,"brewing",3135
"homebrewing",5,"bottle",2178
"homebrewing",6,"hops",2147
"homebrewing",7,"bottles",1976
"homebrewing",8,"beers",1956
"homebrewing",9,"batch",1898
"homebrewing",10,"wort",1715
"howto",1,"method",543
"howto",2,"cut",532
"howto",3,"oil",451
"howto",4,"step",446
"howto",5,"air",446
"howto",6,"hot",429
"howto",7,"paper",427
"howto",8,"bottle",426
"howto",9,"clean",424
"howto",10,"easier",408
"howtonotgiveafuck",1,"giving",2717
"howtonotgiveafuck",2,"fucks",1852
"howtonotgiveafuck",3,"advice",1224
"howtonotgiveafuck",4,"situation",1019
"howtonotgiveafuck",5,"feeling",962
"howtonotgiveafuck",6,"learn",944
"howtonotgiveafuck",7,"relationship",942
"howtonotgiveafuck",8,"social",893
"howtonotgiveafuck",9,"ngaf",856
"howtonotgiveafuck",10,"realize",784
"humanporn",1,"photo",1371
"humanporn",2,"beautiful",966
"humanporn",3,"eyes",677
"humanporn",4,"hair",526
"humanporn",5,"child",520
"humanporn",6,"children",462
"humanporn",7,"pictures",456
"humanporn",8,"american",439
"humanporn",9,"taken",409
"humanporn",10,"woman",397
"humor",1,"onion",2098
"humor",2,"joke",1578
"humor",3,"news",897
"humor",4,"humor",799
"humor",5,"american",719
"humor",6,"satire",663
"humor",7,"laugh",662
"humor",8,"words",661
"humor",9,"hilarious",649
"humor",10,"opinion",636
"iama",1,"favorite",6306
"iama",2,"ama",5357
"iama",3,"answer",3962
"iama",4,"questions",3763
"iama",5,"hi",3690
"iama",6,"fan",3442
"iama",7,"hey",3222
"iama",8,"film",2714
"iama",9,"character",2566
"iama",10,"future",2372
"idiotsfightingthings",1,"idiot",828
"idiotsfightingthings",2,"gif",734
"idiotsfightingthings",3,"fighting",715
"idiotsfightingthings",4,"|",667
"idiotsfightingthings",5,"door",590
"idiotsfightingthings",6,"hurt",515
"idiotsfightingthings",7,"break",508
"idiotsfightingthings",8,"sub",503
"idiotsfightingthings",9,"subreddit",464
"idiotsfightingthings",10,"idiots",414
"interestingasfuck",1,"^|",2811
"interestingasfuck",2,"009;",1428
"interestingasfuck",3,"---",1017
"interestingasfuck",4,"image",937
"interestingasfuck",5,"^or",933
"interestingasfuck",6,"^delete",931
"interestingasfuck",7,"subject=autowikibot",926
"interestingasfuck",8,"gif",833
"interestingasfuck",9,"http://wwwnpredditcom/message/composeto=autowikibot",758
"interestingasfuck",10,"air",750
"internetisbeautiful",1,"site",2804
"internetisbeautiful",2,"website",1735
"internetisbeautiful",3,"dds",1327
"internetisbeautiful",4,"page",1230
"internetisbeautiful",5,"^|",1003
"internetisbeautiful",6,"song",855
"internetisbeautiful",7,"google",819
"internetisbeautiful",8,"click",809
"internetisbeautiful",9,"words",735
"internetisbeautiful",10,"image",730
"investing",1,"market",12299
"investing",2,"stock",10041
"investing",3,"price",6813
"investing",4,"stocks",5324
"investing",5,"value",5180
"investing",6,"investing",4685
"investing",7,"companies",4544
"investing",8,"sell",4175
"investing",9,"investment",4063
"investing",10,"risk",3769
"iphone",1,"iphone",10739
"iphone",2,"app",9544
"iphone",3,"apple",8001
"iphone",4,"ios",4547
"iphone",5,"apps",4062
"iphone",6,"screen",3971
"iphone",7,"battery",3172
"iphone",8,"android",2828
"iphone",9,"store",2354
"iphone",10,"data",2307
"itookapicture",1,"shot",3363
"itookapicture",2,"photo",3193
"itookapicture",3,"camera",1696
"itookapicture",4,"beautiful",1526
"itookapicture",5,"lens",1362
"itookapicture",6,"image",1322
"itookapicture",7,"light",1255
"itookapicture",8,"photos",1166
"itookapicture",9,"exposure",1020
"itookapicture",10,"focus",958
"iwanttolearn",1,"learn",4658
"iwanttolearn",2,"practice",2201
"iwanttolearn",3,"advice",2101
"iwanttolearn",4,"sleep",1938
"iwanttolearn",5,"learning",1912
"iwanttolearn",6,"helps",1502
"iwanttolearn",7,"words",1267
"iwanttolearn",8,"write",1242
"iwanttolearn",9,"recommend",1209
"iwanttolearn",10,"easier",1165
"jokes",1,"joke",12085
"jokes",2,"jokes",2535
"jokes",3,"wife",1484
"jokes",4,"punchline",1176
"jokes",5,"woman",1067
"jokes",6,"dad",1018
"jokes",7,"\""i",923
"jokes",8,"laugh",898
"jokes",9,"english",894
"jokes",10,"version",835
"justiceporn",1,"justice",5119
"justiceporn",2,"police",4407
"justiceporn",3,"gun",3612
"justiceporn",4,"cops",3084
"justiceporn",5,"fight",3064
"justiceporn",6,"cop",2501
"justiceporn",7,"law",2174
"justiceporn",8,"situation",2157
"justiceporn",9,"ass",2009
"justiceporn",10,"shot",1981
"keto",1,"keto",11434
"keto",2,"weight",9211
"keto",3,"eat",5738
"keto",4,"fat",5708
"keto",5,"diet",5556
"keto",6,"carbs",4057
"keto",7,"eating",3621
"keto",8,"congrats",3494
"keto",9,"progress",2982
"keto",10,"calories",2857
"ladyboners",1,"hot",1909
"ladyboners",2,"sexy",1193
"ladyboners",3,"hair",1151
"ladyboners",4,"attractive",1089
"ladyboners",5,"beautiful",804
"ladyboners",6,"eyes",777
"ladyboners",7,"gay",746
"ladyboners",8,"straight",694
"ladyboners",9,"holy",660
"ladyboners",10,"gorgeous",637
"leagueoflegends",1,"riot",7885
"leagueoflegends",2,"players",5847
"leagueoflegends",3,"league",4723
"leagueoflegends",4,"lane",3447
"leagueoflegends",5,"player",3390
"leagueoflegends",6,"damage",3166
"leagueoflegends",7,"champion",2956
"leagueoflegends",8,"ult",2638
"leagueoflegends",9,"teams",2638
"leagueoflegends",10,"skin",2638
"learnprogramming",1,"code",13165
"learnprogramming",2,"programming",11729
"learnprogramming",3,"learn",8897
"learnprogramming",4,"language",7103
"learnprogramming",5,"learning",6489
"learnprogramming",6,"java",5664
"learnprogramming",7,"python",5424
"learnprogramming",8,"c",4849
"learnprogramming",9,"program",4538
"learnprogramming",10,"|",4475
"learnuselesstalents",1,"useless",1666
"learnuselesstalents",2,"learn",1243
"learnuselesstalents",3,"\u25b2",913
"learnuselesstalents",4,"talent",837
"learnuselesstalents",5,"|",798
"learnuselesstalents",6,"practice",736
"learnuselesstalents",7,"\u2206",729
"learnuselesstalents",8,"trick",680
"learnuselesstalents",9,"method",680
"learnuselesstalents",10,"useful",677
"libertarian",1,"libertarian",7592
"libertarian",2,"obama",7483
"libertarian",3,"law",7363
"libertarian",4,"rights",6062
"libertarian",5,"party",5884
"libertarian",6,"gun",5741
"libertarian",7,"vote",5467
"libertarian",8,"laws",5167
"libertarian",9,"police",5133
"libertarian",10,"paul",5059
"lifehacks",1,"hack",1241
"lifehacks",2,"bag",1180
"lifehacks",3,"bottle",1143
"lifehacks",4,"cut",1128
"lifehacks",5,"paper",1105
"lifehacks",6,"plastic",1094
"lifehacks",7,"drink",1046
"lifehacks",8,"hot",1043
"lifehacks",9,"lifehack",1042
"lifehacks",10,"clean",1037
"lifeprotips",1,"tip",3223
"lifeprotips",2,"lpt",3100
"lifeprotips",3,"lpt:",2317
"lifeprotips",4,"worked",2234
"lifeprotips",5,"advice",2202
"lifeprotips",6,"leave",2184
"lifeprotips",7,"google",1995
"lifeprotips",8,"eat",1981
"lifeprotips",9,"email",1952
"lifeprotips",10,"store",1940
"linux",1,"linux",24577
"linux",2,"windows",13397
"linux",3,"software",9959
"linux",4,"source",6672
"linux",5,"ubuntu",6461
"linux",6,"code",5456
"linux",7,"os",5206
"linux",8,"install",4751
"linux",9,"kernel",4586
"linux",10,"hardware",4406
"listentothis",1,"song",6157
"listentothis",2,"album",4963
"listentothis",3,"band",3439
"listentothis",4,"songs",2349
"listentothis",5,"listen",2070
"listentothis",6,"favorite",1844
"listentothis",7,"|",1469
"listentothis",8,"track",1320
"listentothis",9,"bands",1290
"listentothis",10,"rock",1281
"loseit",1,"weight",19367
"loseit",2,"congrats",6845
"loseit",3,"eat",6494
"loseit",4,"lose",6221
"loseit",5,"fat",5618
"loseit",6,"calories",5328
"loseit",7,"eating",5153
"loseit",8,"loss",5080
"loseit",9,"congratulations",4637
"loseit",10,"diet",4221
"luciddreaming",1,"dream",18186
"luciddreaming",2,"lucid",11392
"luciddreaming",3,"dreams",9251
"luciddreaming",4,"dreaming",6664
"luciddreaming",5,"sleep",4890
"luciddreaming",6,"wake",2970
"luciddreaming",7,"reality",2738
"luciddreaming",8,"ld",2532
"luciddreaming",9,"brain",2028
"luciddreaming",10,"control",1985
"magictcg",1,"cards",11668
"magictcg",2,"card",11350
"magictcg",3,"deck",9835
"magictcg",4,"magic",5460
"magictcg",5,"mana",4848
"magictcg",6,"decks",3666
"magictcg",7,"creature",3614
"magictcg",8,"art",2922
"magictcg",9,"creatures",2542
"magictcg",10,"lands",2500
"makeupaddiction",1,"makeup",14336
"makeupaddiction",2,"beautiful",5348
"makeupaddiction",3,"hair",4941
"makeupaddiction",4,"color",4752
"makeupaddiction",5,"eyes",4646
"makeupaddiction",6,"skin",4604
"makeupaddiction",7,"eye",4074
"makeupaddiction",8,"gorgeous",4059
"makeupaddiction",9,"lip",3431
"makeupaddiction",10,"haha",3360
"malefashionadvice",1,"wear",11494
"malefashionadvice",2,"shoes",9671
"malefashionadvice",3,"fit",7559
"malefashionadvice",4,"shirt",6963
"malefashionadvice",5,"wearing",6300
"malefashionadvice",6,"jeans",5610
"malefashionadvice",7,"pants",5404
"malefashionadvice",8,"suit",5386
"malefashionadvice",9,"pair",5386
"malefashionadvice",10,"jacket",4824
"mapporn",1,"map",14288
"mapporn",2,"population",5419
"mapporn",3,"area",5148
"mapporn",4,"city",4857
"mapporn",5,"south",4482
"mapporn",6,"north",4463
"mapporn",7,"countries",4436
"mapporn",8,"states",4016
"mapporn",9,"europe",3548
"mapporn",10,"areas",3166
"math",1,"math",11999
"math",2,"=",7648
"math",3,"numbers",4990
"math",4,"+",4828
"math",5,"mathematics",3926
"math",6,"theory",3023
"math",7,"students",2922
"math",8,"x",2915
"math",9,"0",2586
"math",10,"proof",2568
"meditation",1,"meditation",12235
"meditation",2,"thoughts",3209
"meditation",3,"practice",3098
"meditation",4,"meditate",2295
"meditation",5,"meditating",1983
"meditation",6,"focus",1682
"meditation",7,"brain",1579
"meditation",8,"mindfulness",1553
"meditation",9,"feeling",1482
"meditation",10,"moment",1480
"mensrights",1,"rape",15118
"mensrights",2,"woman",11842
"mensrights",3,"feminists",9520
"mensrights",4,"male",8890
"mensrights",5,"feminism",8281
"mensrights",6,"child",8208
"mensrights",7,"rights",7954
"mensrights",8,"gender",7263
"mensrights",9,"feminist",7134
"mensrights",10,"female",6482
"mildlyinfuriating",1,"infuriating",2181
"mildlyinfuriating",2,"mildly",1933
"mildlyinfuriating",3,"store",1049
"mildlyinfuriating",4,"page",995
"mildlyinfuriating",5,"google",972
"mildlyinfuriating",6,"happens",967
"mildlyinfuriating",7,"app",967
"mildlyinfuriating",8,"box",945
"mildlyinfuriating",9,"screen",926
"mildlyinfuriating",10,"paper",914
"mildlyinteresting",1,"^|",2658
"mildlyinteresting",2,"mildly",2176
"mildlyinteresting",3,"tree",1518
"mildlyinteresting",4,"009;",1377
"mildlyinteresting",5,"light",1359
"mildlyinteresting",6,"eat",1215
"mildlyinteresting",7,"image",1149
"mildlyinteresting",8,"door",1094
"mildlyinteresting",9,"front",1084
"mildlyinteresting",10,"inside",1032
"minecraft",1,"minecraft",9391
"minecraft",2,"blocks",4489
"minecraft",3,"server",4484
"minecraft",4,"build",4181
"minecraft",5,"block",3654
"minecraft",6,"map",2549
"minecraft",7,"mod",2365
"minecraft",8,"texture",2155
"minecraft",9,"pack",2141
"minecraft",10,"building",1856
"minimalism",1,"minimalism",3488
"minimalism",2,"minimalist",2821
"minimalism",3,"room",2265
"minimalism",4,"design",1727
"minimalism",5,"space",1690
"minimalism",6,"minimal",1474
"minimalism",7,"bed",1309
"minimalism",8,"living",1128
"minimalism",9,"desk",1005
"minimalism",10,"art",983
"montageparodies",1,"m8",6540
"montageparodies",2,"sanic",6386
"montageparodies",3,"\u0361\u00b0",5571
"montageparodies",4,"shrek",5198
"montageparodies",5,"\u035c\u0296",4454
"montageparodies",6,"u",4394
"montageparodies",7,"snoop",2464
"montageparodies",8,"memes",2376
"montageparodies",9,"\u00b0",2215
"montageparodies",10,"hitler",1853
"motorcycles",1,"bike",19954
"motorcycles",2,"ride",7367
"motorcycles",3,"riding",5660
"motorcycles",4,"bikes",5394
"motorcycles",5,"motorcycle",4062
"motorcycles",6,"road",3670
"motorcycles",7,"helmet",3051
"motorcycles",8,"front",2700
"motorcycles",9,"gear",2151
"motorcycles",10,"speed",2118
"movies",1,"film",11245
"movies",2,"movies",9544
"movies",3,"scene",4988
"movies",4,"films",4120
"movies",5,"character",3957
"movies",6,"original",2938
"movies",7,"star",2895
"movies",8,"favorite",2734
"movies",9,"watching",2674
"movies",10,"trailer",2491
"murica",1,"usa",69280
"murica",2,"freedom",49941
"murica",3,"patriot",6270
"murica",4,"america",6158
"murica",5,"commie",6081
"murica",6,"/flag",5515
"murica",7,"american",5496
"murica",8,"liberty",4595
"murica",9,"gun",3387
"murica",10,"commies",3137
"music",1,"song",19899
"music",2,"album",12095
"music",3,"band",7888
"music",4,"songs",7752
"music",5,"favorite",5547
"music",6,"listen",5194
"music",7,"rock",3500
"music",8,"albums",3149
"music",9,"guitar",3048
"music",10,"bands",3018
"nba",1,"nba",6112
"nba",2,"lebron",5534
"nba",3,"player",4465
"nba",4,"players",4270
"nba",5,"basketball",3816
"nba",6,"kobe",3739
"nba",7,"season",3670
"nba",8,"fan",3604
"nba",9,"ball",3578
"nba",10,"fans",3268
"netflixbestof",1,"film",5037
"netflixbestof",2,"netflix",4823
"netflixbestof",3,"movies",4800
"netflixbestof",4,"season",4401
"netflixbestof",5,"watched",4293
"netflixbestof",6,"watching",3879
"netflixbestof",7,"episode",2656
"netflixbestof",8,"favorite",2378
"netflixbestof",9,"series",2215
"netflixbestof",10,"character",2112
"netsec",1,"security",8062
"netsec",2,"password",3495
"netsec",3,"data",2945
"netsec",4,"code",2853
"netsec",5,"access",2436
"netsec",6,"network",2368
"netsec",7,"information",2200
"netsec",8,"key",2106
"netsec",9,"server",2008
"netsec",10,"software",1914
"news",1,"police",10244
"news",2,"law",6774
"news",3,"cops",5142
"news",4,"public",4770
"news",5,"news",4048
"news",6,"legal",3524
"news",7,"court",3420
"news",8,"cop",3227
"news",9,"laws",3183
"news",10,"states",3132
"nfl",1,"nfl",7959
"nfl",2,"season",5839
"nfl",3,"football",5670
"nfl",4,"fan",5598
"nfl",5,"fans",4901
"nfl",6,"players",4523
"nfl",7,"teams",4240
"nfl",8,"qb",3545
"nfl",9,"player",3256
"nfl",10,"win",3204
"nofap",1,"porn",8385
"nofap",2,"nofap",6442
"nofap",3,"fapping",3205
"nofap",4,"fap",2806
"nofap",5,"addiction",2450
"nofap",6,"pmo",2202
"nofap",7,"girls",1549
"nofap",8,"masturbation",1533
"nofap",9,"sexual",1523
"nofap",10,"strong",1478
"nonononoyes",1,"gif",1186
"nonononoyes",2,"driver",1039
"nonononoyes",3,"^|",964
"nonononoyes",4,"road",926
"nonononoyes",5,"front",866
"nonononoyes",6,"truck",862
"nonononoyes",7,"speed",815
"nonononoyes",8,"ball",729
"nonononoyes",9,"cars",705
"nonononoyes",10,"driving",692
"nosleep",1,"stories",4634
"nosleep",2,"creepy",2615
"nosleep",3,"nosleep",2339
"nosleep",4,"sleep",2207
"nosleep",5,"update",2089
"nosleep",6,"room",1807
"nosleep",7,"holy",1724
"nosleep",8,"scary",1674
"nosleep",9,"safe",1604
"nosleep",10,"dead",1572
"nostalgia",1,"loved",1837
"nostalgia",2,"favorite",1074
"nostalgia",3,"mom",1018
"nostalgia",4,"mine",945
"nostalgia",5,"nostalgia",933
"nostalgia",6,"bought",816
"nostalgia",7,"books",797
"nostalgia",8,"parents",760
"nostalgia",9,"childhood",705
"nostalgia",10,"watched",698
"nottheonion",1,"news",2598
"nottheonion",2,"police",2439
"nottheonion",3,"law",2296
"nottheonion",4,"gun",1854
"nottheonion",5,"public",1796
"nottheonion",6,"american",1606
"nottheonion",7,"children",1576
"nottheonion",8,"gay",1470
"nottheonion",9,"parents",1376
"nottheonion",10,"child",1356
"oddlysatisfying",1,"satisfying",1969
"oddlysatisfying",2,"gif",1525
"oddlysatisfying",3,"^|",1157
"oddlysatisfying",4,"33",1074
"oddlysatisfying",5,"crosses",947
"oddlysatisfying",6,"oddly",860
"oddlysatisfying",7,"perfect",575
"oddlysatisfying",8,"009;",570
"oddlysatisfying",9,"ball",568
"oddlysatisfying",10,"cut",522
"offbeat",1,"police",2435
"offbeat",2,"law",2334
"offbeat",3,"public",1909
"offbeat",4,"child",1675
"offbeat",5,"parents",1649
"offbeat",6,"news",1645
"offbeat",7,"woman",1497
"offbeat",8,"children",1468
"offbeat",9,"business",1394
"offbeat",10,"gun",1387
"offmychest",1,"parents",3762
"offmychest",2,"situation",3059
"offmychest",3,"mom",2986
"offmychest",4,"child",2872
"offmychest",5,"dad",2596
"offmychest",6,"relationship",2565
"offmychest",7,"mother",2489
"offmychest",8,"woman",2485
"offmychest",9,"luck",2478
"offmychest",10,"glad",2314
"oldschoolcool",1,"photo",2134
"oldschoolcool",2,"dad",1713
"oldschoolcool",3,"mom",1480
"oldschoolcool",4,"^|",1333
"oldschoolcool",5,"beautiful",1187
"oldschoolcool",6,"pic",1078
"oldschoolcool",7,"hot",1041
"oldschoolcool",8,"young",1033
"oldschoolcool",9,"hair",980
"oldschoolcool",10,"woman",951
"outoftheloop",1,"4chan",1227
"outoftheloop",2,"comments",1139
"outoftheloop",3,"thread",1110
"outoftheloop",4,"sub",1027
"outoftheloop",5,"subreddit",1020
"outoftheloop",6,"joke",961
"outoftheloop",7,"answer",954
"outoftheloop",8,"posts",937
"outoftheloop",9,"popular",861
"outoftheloop",10,"content",799
"outside",1,"players",6672
"outside",2,"player",3308
"outside",3,"character",2796
"outside",4,"server",2736
"outside",5,"guild",2401
"outside",6,"devs",1968
"outside",7,"quest",1851
"outside",8,"skill",1710
"outside",9,"outside",1646
"outside",10,"stats",1376
"pcgaming",1,"pc",13878
"pcgaming",2,"steam",5597
"pcgaming",3,"gaming",5523
"pcgaming",4,"console",3968
"pcgaming",5,"windows",3199
"pcgaming",6,"fps",2853
"pcgaming",7,"consoles",2853
"pcgaming",8,"release",2334
"pcgaming",9,"graphics",2326
"pcgaming",10,"amd",2318
"pcmasterrace",1,"pc",13668
"pcmasterrace",2,"steam",5717
"pcmasterrace",3,"console",5185
"pcmasterrace",4,"gaming",4736
"pcmasterrace",5,"fps",3974
"pcmasterrace",6,"consoles",3788
"pcmasterrace",7,"gaben",3778
"pcmasterrace",8,"windows",3447
"pcmasterrace",9,"computer",3055
"pcmasterrace",10,"master",2725
"perfecttiming",1,"photo",977
"perfecttiming",2,"perfect",939
"perfecttiming",3,"shot",856
"perfecttiming",4,"timing",812
"perfecttiming",5,"|",751
"perfecttiming",6,"camera",630
"perfecttiming",7,"taken",538
"perfecttiming",8,"ball",518
"perfecttiming",9,"air",466
"perfecttiming",10,"front",451
"personalfinance",1,"credit",17343
"personalfinance",2,"debt",12700
"personalfinance",3,"account",10628
"personalfinance",4,"income",9771
"personalfinance",5,"month",9596
"personalfinance",6,"interest",9529
"personalfinance",7,"card",8727
"personalfinance",8,"paying",8619
"personalfinance",9,"loan",8378
"personalfinance",10,"paid",7669
"pettyrevenge",1,"revenge",4301
"pettyrevenge",2,"petty",3622
"pettyrevenge",3,"front",1534
"pettyrevenge",4,"store",1483
"pettyrevenge",5,"leave",1413
"pettyrevenge",6,"door",1348
"pettyrevenge",7,"asshole",1326
"pettyrevenge",8,"worked",1291
"pettyrevenge",9,"parents",1278
"pettyrevenge",10,"parking",1252
"philosophy",1,"philosophy",20218
"philosophy",2,"argument",7552
"philosophy",3,"science",7346
"philosophy",4,"moral",5618
"philosophy",5,"society",5470
"philosophy",6,"consciousness",5013
"philosophy",7,"universe",4624
"philosophy",8,"whether",4470
"philosophy",9,"philosophical",4385
"philosophy",10,"value",4341
"photography",1,"camera",10473
"photography",2,"photos",7895
"photography",3,"lens",6985
"photography",4,"photo",6153
"photography",5,"photography",5869
"photography",6,"photographer",4938
"photography",7,"shoot",4548
"photography",8,"shot",4309
"photography",9,"image",4267
"photography",10,"pictures",4113
"photoshopbattles",1,"photoshop",2179
"photoshopbattles",2,"original",1791
"photoshopbattles",3,"image",1638
"photoshopbattles",4,"cat",1330
"photoshopbattles",5,"haha",1088
"photoshopbattles",6,"thread",998
"photoshopbattles",7,"dog",936
"photoshopbattles",8,"favorite",914
"photoshopbattles",9,"shop",886
"photoshopbattles",10,"background",854
"physics",1,"physics",7272
"physics",2,"energy",3655
"physics",3,"theory",3601
"physics",4,"quantum",2789
"physics",5,"science",2605
"physics",6,"field",2469
"physics",7,"light",2462
"physics",8,"universe",2080
"physics",9,"particle",1978
"physics",10,"mass",1966
"pics",1,"beautiful",2085
"pics",2,"photo",1819
"pics",3,"city",1716
"pics",4,"pictures",1456
"pics",5,"light",1336
"pics",6,"dog",1297
"pics",7,"front",1228
"pics",8,"art",1224
"pics",9,"area",1167
"pics",10,"cat",1166
"pokemon",1,"pokemon",16238
"pokemon",2,"gen",3232
"pokemon",3,"ash",2187
"pokemon",4,"type",2172
"pokemon",5,"mega",2152
"pokemon",6,"pok\u00e9mon",2025
"pokemon",7,"pikachu",1961
"pokemon",8,"shiny",1698
"pokemon",9,"\u253b\u2501\u253b",1633
"pokemon",10,"red",1592
"polandball",1,"comic",5311
"polandball",2,"germany",3032
"polandball",3,"russia",3023
"polandball",4,"flair",2925
"polandball",5,"america",2736
"polandball",6,"canada",2687
"polandball",7,"german",2572
"polandball",8,"french",2561
"polandball",9,"poland",2505
"polandball",10,"countries",2488
"politics",1,"vote",9036
"politics",2,"law",7468
"politics",3,"party",6741
"politics",4,"public",6072
"politics",5,"obama",5943
"politics",6,"police",5693
"politics",7,"tax",5687
"politics",8,"political",5209
"politics",9,"states",5037
"politics",10,"congress",5005
"programming",1,"code",17594
"programming",2,"software",7365
"programming",3,"programming",6562
"programming",4,"language",6154
"programming",5,"=",5869
"programming",6,"data",5435
"programming",7,"c",5214
"programming",8,"google",5155
"programming",9,"source",4633
"programming",10,"write",4567
"progresspics",1,"weight",9316
"progresspics",2,"congrats",3530
"progresspics",3,"progress",3493
"progresspics",4,"eat",2629
"progresspics",5,"lose",2552
"progresspics",6,"fat",2513
"progresspics",7,"diet",2421
"progresspics",8,"loss",2288
"progresspics",9,"congratulations",2178
"progresspics",10,"eating",2054
"ps4",1,"ps4",17772
"ps4",2,"sony",6784
"ps4",3,"ps3",6766
"ps4",4,"xbox",5365
"ps4",5,"console",4883
"ps4",6,"pc",4629
"ps4",7,"release",3385
"ps4",8,"launch",2997
"ps4",9,"online",2843
"ps4",10,"version",2766
"psychology",1,"study",3584
"psychology",2,"psychology",3265
"psychology",3,"research",2911
"psychology",4,"mental",2798
"psychology",5,"brain",2517
"psychology",6,"depression",2235
"psychology",7,"social",2187
"psychology",8,"children",1893
"psychology",9,"studies",1809
"psychology",10,"science",1786
"quotesporn",1,"quote",6998
"quotesporn",2,"quotes",1059
"quotesporn",3,"words",1048
"quotesporn",4,"society",949
"quotesporn",5,"context",894
"quotesporn",6,"opinion",818
"quotesporn",7,"death",808
"quotesporn",8,"poor",793
"quotesporn",9,"living",779
"quotesporn",10,"themselves",770
"reactiongifs",1,"gif",4251
"reactiongifs",2,"reaction",1551
"reactiongifs",3,"class",1419
"reactiongifs",4,"watching",1207
"reactiongifs",5,"gifs",991
"reactiongifs",6,"college",958
"reactiongifs",7,"joke",944
"reactiongifs",8,"episode",931
"reactiongifs",9,"season",918
"reactiongifs",10,"ass",908
"recipes",1,"recipe",4758
"recipes",2,"sauce",3936
"recipes",3,"chicken",3493
"recipes",4,"cheese",3255
"recipes",5,"cook",2441
"recipes",6,"garlic",2352
"recipes",7,"salt",2348
"recipes",8,"butter",2345
"recipes",9,"oil",2241
"recipes",10,"pepper",2146
"relationships",1,"relationship",16773
"relationships",2,"situation",9467
"relationships",3,"parents",7702
"relationships",4,"child",7240
"relationships",5,"boyfriend",6727
"relationships",6,"wife",6702
"relationships",7,"husband",6654
"relationships",8,"leave",5658
"relationships",9,"wants",5640
"relationships",10,"mom",5488
"roomporn",1,"room",4818
"roomporn",2,"space",1450
"roomporn",3,"beautiful",1180
"roomporn",4,"living",1081
"roomporn",5,"floor",1068
"roomporn",6,"bed",994
"roomporn",7,"glass",979
"roomporn",8,"wall",972
"roomporn",9,"kitchen",960
"roomporn",10,"view",953
"running",1,"running",18612
"running",2,"race",5471
"running",3,"miles",4839
"running",4,"marathon",4648
"running",5,"mile",3915
"running",6,"ran",3768
"running",7,"training",3317
"running",8,"runners",3286
"running",9,"runs",2998
"running",10,"runner",2846
"science",1,"cells",7809
"science",2,"research",6682
"science",3,"study",5938
"science",4,"science",5592
"science",5,"cancer",4941
"science",6,"energy",4827
"science",7,"brain",4557
"science",8,"cell",3719
"science",9,"light",3684
"science",10,"data",3588
"scifi",1,"star",6331
"scifi",2,"series",6004
"scifi",3,"season",4326
"scifi",4,"movies",3983
"scifi",5,"film",3909
"scifi",6,"episode",3853
"scifi",7,"trek",3764
"scifi",8,"space",3632
"scifi",9,"books",3488
"scifi",10,"characters",3447
"seduction",1,"girls",10296
"seduction",2,"advice",3555
"seduction",3,"woman",3109
"seduction",4,"date",2968
"seduction",5,"approach",2965
"seduction",6,"conversation",2941
"seduction",7,"social",2934
"seduction",8,"confidence",2798
"seduction",9,"relationship",2476
"seduction",10,"attractive",2438
"self",1,"situation",1959
"self",2,"parents",1844
"self",3,"luck",1665
"self",4,"dad",1543
"self",5,"glad",1443
"self",6,"leave",1438
"self",7,"college",1436
"self",8,"wife",1413
"self",9,"front",1379
"self",10,"mom",1378
"sex",1,"relationship",7892
"sex",2,"sexual",6988
"sex",3,"woman",6262
"sex",4,"porn",5783
"sex",5,"partner",5444
"sex",6,"girls",4115
"sex",7,"wife",4083
"sex",8,"orgasm",3619
"sex",9,"boyfriend",3479
"sex",10,"enjoy",3443
"shittyaskscience",1,"science",1851
"shittyaskscience",2,"earth",1107
"shittyaskscience",3,"answer",996
"shittyaskscience",4,"light",990
"shittyaskscience",5,"=",984
"shittyaskscience",6,"shitty",923
"shittyaskscience",7,"space",903
"shittyaskscience",8,"energy",890
"shittyaskscience",9,"eat",847
"shittyaskscience",10,"sun",829
"showerthoughts",1,"shower",1388
"showerthoughts",2,"eat",1050
"showerthoughts",3,"joke",989
"showerthoughts",4,"space",944
"showerthoughts",5,"=",941
"showerthoughts",6,"light",935
"showerthoughts",7,"born",915
"showerthoughts",8,"die",890
"showerthoughts",9,"words",874
"showerthoughts",10,"earth",870
"shutupandtakemymoney",1,"product",1586
"shutupandtakemymoney",2,"price",1347
"shutupandtakemymoney",3,"bought",1039
"shutupandtakemymoney",4,"shipping",849
"shutupandtakemymoney",5,"expensive",804
"shutupandtakemymoney",6,"cost",787
"shutupandtakemymoney",7,"light",741
"shutupandtakemymoney",8,"3d",698
"shutupandtakemymoney",9,"quality",680
"shutupandtakemymoney",10,"design",669
"skincareaddiction",1,"skin",18186
"skincareaddiction",2,"oil",6917
"skincareaddiction",3,"sunscreen",4504
"skincareaddiction",4,"acne",4375
"skincareaddiction",5,"products",3605
"skincareaddiction",6,"dry",2408
"skincareaddiction",7,"makeup",2388
"skincareaddiction",8,"moisturizer",2358
"skincareaddiction",9,"product",2274
"skincareaddiction",10,"routine",2052
"skyrim",1,"skyrim",9409
"skyrim",2,"boobs",8840
"skyrim",3,"mod",5455
"skyrim",4,"mods",3516
"skyrim",5,"dragon",3222
"skyrim",6,"kill",2898
"skyrim",7,"quest",2847
"skyrim",8,"armor",2833
"skyrim",9,"character",2654
"skyrim",10,"pc",2374
"slowcooking",1,"chicken",4774
"slowcooking",2,"recipe",4486
"slowcooking",3,"slow",4363
"slowcooking",4,"cooker",3743
"slowcooking",5,"meat",3398
"slowcooking",6,"sauce",3319
"slowcooking",7,"cook",3301
"slowcooking",8,"cooking",2909
"slowcooking",9,"pork",2634
"slowcooking",10,"pot",2488
"smashbros",1,"smash",10464
"smashbros",2,"character",4591
"smashbros",3,"characters",4263
"smashbros",4,"brawl",4159
"smashbros",5,"melee",3930
"smashbros",6,"mario",3024
"smashbros",7,"wii",2850
"smashbros",8,"nintendo",2801
"smashbros",9,"stage",2765
"smashbros",10,"sakurai",2611
"soccer",1,"goal",8270
"soccer",2,"players",6739
"soccer",3,"player",6022
"soccer",4,"ball",5932
"soccer",5,"football",5678
"soccer",6,"season",4755
"soccer",7,"cup",4665
"soccer",8,"league",4251
"soccer",9,"fans",3403
"soccer",10,"goals",3248
"southpark",1,"episode",3672
"southpark",2,"south",2159
"southpark",3,"park",2104
"southpark",4,"marklar",1926
"southpark",5,"episodes",1060
"southpark",6,"cartman",980
"southpark",7,"season",815
"southpark",8,"trey",709
"southpark",9,"matt",638
"southpark",10,"joke",529
"space",1,"space",14979
"space",2,"earth",8622
"space",3,"moon",6965
"space",4,"mars",6395
"space",5,"nasa",5351
"space",6,"light",4437
"space",7,"orbit",4203
"space",8,"planet",3679
"space",9,"launch",3586
"space",10,"sun",3170
"spaceporn",1,"space",3096
"spaceporn",2,"earth",2681
"spaceporn",3,"image",2520
"spaceporn",4,"moon",2460
"spaceporn",5,"light",2397
"spaceporn",6,"stars",2000
"spaceporn",7,"sun",1327
"spaceporn",8,"galaxy",1316
"spaceporn",9,"photo",1292
"spaceporn",10,"star",1274
"sports",1,"fan",4837
"sports",2,"football",4715
"sports",3,"ball",4683
"sports",4,"players",4565
"sports",5,"sports",4340
"sports",6,"player",3622
"sports",7,"fans",3335
"sports",8,"teams",3071
"sports",9,"nfl",2844
"sports",10,"sport",2622
"standupshots",1,"joke",8596
"standupshots",2,"jokes",2525
"standupshots",3,"haha",1814
"standupshots",4,"ha",1598
"standupshots",5,"comedy",1513
"standupshots",6,"laugh",1169
"standupshots",7,"comedian",902
"standupshots",8,"stand",755
"standupshots",9,"punchline",748
"standupshots",10,"sub",735
"starcraft",1,"sc2",6736
"starcraft",2,"players",6419
"starcraft",3,"starcraft",5137
"starcraft",4,"player",4618
"starcraft",5,"blizzard",3658
"starcraft",6,"zerg",3598
"starcraft",7,"protoss",3285
"starcraft",8,"terran",3265
"starcraft",9,"units",3147
"starcraft",10,"community",2740
"starwars",1,"star",7979
"starwars",2,"wars",7134
"starwars",3,"jedi",4125
"starwars",4,"force",2707
"starwars",5,"vader",2434
"starwars",6,"sith",2154
"starwars",7,"movies",2065
"starwars",8,"luke",1957
"starwars",9,"episode",1880
"starwars",10,"original",1787
"steam",1,"steam",15653
"steam",2,"valve",3928
"steam",3,"sale",3837
"steam",4,"account",2534
"steam",5,"pc",2471
"steam",6,"windows",2158
"steam",7,"bought",1943
"steam",8,"cards",1742
"steam",9,"price",1518
"steam",10,"card",1494
"subredditdrama",1,"thread",5833
"subredditdrama",2,"drama",5797
"subredditdrama",3,"subreddit",4570
"subredditdrama",4,"comments",4324
"subredditdrama",5,"sub",4087
"subredditdrama",6,"srs",3908
"subredditdrama",7,"mods",3563
"subredditdrama",8,"posts",3436
"subredditdrama",9,"srd",2933
"subredditdrama",10,"mod",2768
"subredditoftheday",1,"subreddit",2238
"subredditoftheday",2,"sub",1080
"subredditoftheday",3,"community",645
"subredditoftheday",4,"mods",526
"subredditoftheday",5,"subreddits",506
"subredditoftheday",6,"favorite",460
"subredditoftheday",7,"mod",459
"subredditoftheday",8,"posts",446
"subredditoftheday",9,":d",408
"subredditoftheday",10,"thread",326
"talesfromretail",1,"store",10536
"talesfromretail",2,"customer",6670
"talesfromretail",3,"manager",5362
"talesfromretail",4,"customers",4437
"talesfromretail",5,"worked",3676
"talesfromretail",6,"card",3587
"talesfromretail",7,"retail",3244
"talesfromretail",8,"asked",2277
"talesfromretail",9,"price",2059
"talesfromretail",10,"service",2050
"talesfromtechsupport",1,"computer",6916
"talesfromtechsupport",2,"tech",3853
"talesfromtechsupport",3,"windows",3522
"talesfromtechsupport",4,"user",3146
"talesfromtechsupport",5,"office",2806
"talesfromtechsupport",6,"fix",2719
"talesfromtechsupport",7,"worked",2701
"talesfromtechsupport",8,"users",2559
"talesfromtechsupport",9,"computers",2559
"talesfromtechsupport",10,"server",2476
"tattoos",1,"tattoo",14948
"tattoos",2,"tattoos",5539
"tattoos",3,"artist",4066
"tattoos",4,"piece",3836
"tattoos",5,"beautiful",3587
"tattoos",6,"style",2053
"tattoos",7,"art",1824
"tattoos",8,"ink",1625
"tattoos",9,"color",1525
"tattoos",10,"design",1462
"technology",1,"google",10530
"technology",2,"companies",7751
"technology",3,"data",7468
"technology",4,"service",7248
"technology",5,"comcast",6156
"technology",6,"cable",4828
"technology",7,"information",4690
"technology",8,"business",4487
"technology",9,"law",4192
"technology",10,"public",4015
"television",1,"season",13288
"television",2,"episode",9757
"television",3,"shows",7676
"television",4,"episodes",6634
"television",5,"tv",6594
"television",6,"watching",5281
"television",7,"series",5247
"television",8,"character",4542
"television",9,"watched",3893
"television",10,"characters",3828
"tf2",1,"tf2",4467
"tf2",2,"spy",4329
"tf2",3,"pyro",3622
"tf2",4,"medic",3413
"tf2",5,"heavy",2808
"tf2",6,"scout",2698
"tf2",7,"fish",2482
"tf2",8,"sniper",2211
"tf2",9,"server",2149
"tf2",10,"valve",1988
"thathappened",1,"confirm",3022
"thathappened",2,"gorilla",2562
"thathappened",3,"einstein",1736
"thathappened",4,"joke",1563
"thathappened",5,"albert",1558
"thathappened",6,"$100",1486
"thathappened",7,"literally",1451
"thathappened",8,"tumblr",1450
"thathappened",9,"stories",1317
"thathappened",10,"sub",1300
"thelastairbender",1,"avatar",6887
"thelastairbender",2,"korra",6299
"thelastairbender",3,"aang",4219
"thelastairbender",4,"season",3411
"thelastairbender",5,"bending",3114
"thelastairbender",6,"fire",2900
"thelastairbender",7,"episode",2739
"thelastairbender",8,"series",2455
"thelastairbender",9,"zuko",2375
"thelastairbender",10,"toph",2316
"thewalkingdead",1,"rick",7233
"thewalkingdead",2,"season",6012
"thewalkingdead",3,"dead",4125
"thewalkingdead",4,"episode",3985
"thewalkingdead",5,"carl",3632
"thewalkingdead",6,"character",3552
"thewalkingdead",7,"daryl",3505
"thewalkingdead",8,"group",3330
"thewalkingdead",9,"zombie",3034
"thewalkingdead",10,"governor",2893
"tifu",1,"fucked",2286
"tifu",2,"tifu",2263
"tifu",3,"dick",2063
"tifu",4,"mom",2050
"tifu",5,"ass",1987
"tifu",6,"room",1949
"tifu",7,"parents",1909
"tifu",8,"dad",1817
"tifu",9,"door",1814
"tifu",10,"situation",1784
"tipofmytongue",1,"song",1297
"tipofmytongue",2,"solved",746
"tipofmytongue",3,"answer",463
"tipofmytongue",4,"google",455
"tipofmytongue",5,"thread",409
"tipofmytongue",6,"episode",380
"tipofmytongue",7,"search",366
"tipofmytongue",8,"tomt",350
"tipofmytongue",9,"mark",309
"tipofmytongue",10,"posted",294
"todayilearned",1,"american",1956
"todayilearned",2,"history",1908
"todayilearned",3,"til",1854
"todayilearned",4,"death",1741
"todayilearned",5,"city",1559
"todayilearned",6,"kill",1511
"todayilearned",7,"died",1434
"todayilearned",8,"worked",1412
"todayilearned",9,"eat",1403
"todayilearned",10,"english",1379
"topgear",1,"gear",3518
"topgear",2,"episode",2519
"topgear",3,"cars",2294
"topgear",4,"clarkson",1885
"topgear",5,"james",1484
"topgear",6,"jeremy",1445
"topgear",7,"stig",1165
"topgear",8,"hammond",1142
"topgear",9,"american",1132
"topgear",10,"bbc",1053
"travel",1,"trip",4311
"travel",2,"travel",3515
"travel",3,"beautiful",2983
"travel",4,"city",2868
"travel",5,"places",2742
"travel",6,"pictures",2061
"travel",7,"photos",2015
"travel",8,"visit",1957
"travel",9,"countries",1606
"travel",10,"europe",1534
"trees",1,"weed",8923
"trees",2,"smoke",7605
"trees",3,"marijuana",4568
"trees",4,"smoking",4176
"trees",5,"legal",2569
"trees",6,"drug",2518
"trees",7,"cannabis",2484
"trees",8,"haha",2245
"trees",9,"medical",2211
"trees",10,"pot",2148
"trollxchromosomes",1,"hair",2566
"trollxchromosomes",2,"woman",2397
"trollxchromosomes",3,"girls",2383
"trollxchromosomes",4,"wear",2138
"trollxchromosomes",5,"period",1807
"trollxchromosomes",6,"boyfriend",1666
"trollxchromosomes",7,"haha",1498
"trollxchromosomes",8,"weird",1440
"trollxchromosomes",9,"mine",1418
"trollxchromosomes",10,"mom",1405
"truegaming",1,"player",13349
"truegaming",2,"gaming",10982
"truegaming",3,"character",10851
"truegaming",4,"players",10147
"truegaming",5,"gameplay",9011
"truegaming",6,"pc",7537
"truegaming",7,"characters",6739
"truegaming",8,"console",6057
"truegaming",9,"series",5984
"truegaming",10,"content",5379
"truereddit",1,"public",5590
"truereddit",2,"society",5058
"truereddit",3,"law",4874
"truereddit",4,"american",4863
"truereddit",5,"poor",4203
"truereddit",6,"education",4138
"truereddit",7,"children",4032
"truereddit",8,"social",4008
"truereddit",9,"themselves",3810
"truereddit",10,"class",3625
"tumblrinaction",1,"tumblr",5958
"tumblrinaction",2,"rape",5695
"tumblrinaction",3,"shitlord",3957
"tumblrinaction",4,"woman",3778
"tumblrinaction",5,"gender",3720
"tumblrinaction",6,"privilege",3660
"tumblrinaction",7,"male",3601
"tumblrinaction",8,"sjw",3500
"tumblrinaction",9,"sjws",3281
"tumblrinaction",10,"literally",3211
"twoxchromosomes",1,"woman",7493
"twoxchromosomes",2,"hair",4379
"twoxchromosomes",3,"girls",4237
"twoxchromosomes",4,"rape",4109
"twoxchromosomes",5,"beautiful",3611
"twoxchromosomes",6,"male",3533
"twoxchromosomes",7,"control",3471
"twoxchromosomes",8,"female",3414
"twoxchromosomes",9,"abortion",3139
"twoxchromosomes",10,"birth",3054
"unexpected",1,"unexpected",2620
"unexpected",2,"gif",1998
"unexpected",3,"|",1739
"unexpected",4,"expected",1382
"unexpected",5,"joke",1136
"unexpected",6,"^|",1058
"unexpected",7,"sub",879
"unexpected",8,"subreddit",868
"unexpected",9,"expect",811
"unexpected",10,"expecting",774
"upliftingnews",1,"news",1285
"upliftingnews",2,"dog",1245
"upliftingnews",3,"uplifting",841
"upliftingnews",4,"parents",746
"upliftingnews",5,"children",743
"upliftingnews",6,"child",681
"upliftingnews",7,"dogs",616
"upliftingnews",8,"glad",600
"upliftingnews",9,"animals",534
"upliftingnews",10,"^|",534
"videos",1,"dog",2980
"videos",2,"watching",2294
"videos",3,"videos",2023
"videos",4,"youtube",1895
"videos",5,"song",1881
"videos",6,"dad",1407
"videos",7,"camera",1389
"videos",8,"front",1386
"videos",9,"watched",1343
"videos",10,"holy",1310
"wallpaper",1,"wallpaper",1132
"wallpaper",2,"image",694
"wallpaper",3,"wallpapers",639
"wallpaper",4,"version",432
"wallpaper",5,"original",424
"wallpaper",6,"collection",385
"wallpaper",7,"background",333
"wallpaper",8,"beautiful",322
"wallpaper",9,"resolution",312
"wallpaper",10,"art",311
"wallpapers",1,"wallpaper",2182
"wallpapers",2,"image",1359
"wallpapers",3,"version",1013
"wallpapers",4,"original",868
"wallpapers",5,"wallpapers",817
"wallpapers",6,"beautiful",774
"wallpapers",7,"background",771
"wallpapers",8,"photo",569
"wallpapers",9,"art",564
"wallpapers",10,"reminds",557
"wearethemusicmakers",1,"song",3834
"wearethemusicmakers",2,"band",3696
"wearethemusicmakers",3,"guitar",2380
"wearethemusicmakers",4,"songs",2049
"wearethemusicmakers",5,"track",1950
"wearethemusicmakers",6,"musicians",1869
"wearethemusicmakers",7,"listen",1826
"wearethemusicmakers",8,"recording",1750
"wearethemusicmakers",9,"bands",1722
"wearethemusicmakers",10,"album",1628
"web_design",1,"site",6149
"web_design",2,"design",5807
"web_design",3,"web",5411
"web_design",4,"page",3880
"web_design",5,"browser",3050
"web_design",6,"website",3009
"web_design",7,"ie",2984
"web_design",8,"css",2750
"web_design",9,"content",2505
"web_design",10,"code",2466
"whatcouldgowrong",1,"laughing",3142
"whatcouldgowrong",2,"forget",3003
"whatcouldgowrong",3,"loser",2869
"whatcouldgowrong",4,"coward",2861
"whatcouldgowrong",5,"perpetual",2858
"whatcouldgowrong",6,"^|",1561
"whatcouldgowrong",7,"gif",1361
"whatcouldgowrong",8,"fire",1277
"whatcouldgowrong",9,"|",968
"whatcouldgowrong",10,"front",874
"whatisthisthing",1,"inside",717
"whatisthisthing",2,"light",700
"whatisthisthing",3,"area",661
"whatisthisthing",4,"piece",649
"whatisthisthing",5,"metal",636
"whatisthisthing",6,"google",604
"whatisthisthing",7,"type",595
"whatisthisthing",8,"air",587
"whatisthisthing",9,"answer",575
"whatisthisthing",10,"common",560
"wheredidthesodago",1,"gif",1770
"wheredidthesodago",2,"product",1239
"wheredidthesodago",3,"source",1062
"wheredidthesodago",4,"subreddit",1019
"wheredidthesodago",5,"commercial",1001
"wheredidthesodago",6,"title",930
"wheredidthesodago",7,"soda",836
"wheredidthesodago",8,"sub",634
"wheredidthesodago",9,"hot",599
"wheredidthesodago",10,"eat",589
"wikipedia",1,"wikipedia",3585
"wikipedia",2,"page",1195
"wikipedia",3,"list",1098
"wikipedia",4,"american",911
"wikipedia",5,"english",826
"wikipedia",6,"history",814
"wikipedia",7,"articles",796
"wikipedia",8,"information",771
"wikipedia",9,"source",671
"wikipedia",10,"states",637
"woahdude",1,"gif",2326
"woahdude",2,"light",1942
"woahdude",3,"space",1767
"woahdude",4,"earth",1722
"woahdude",5,"image",1694
"woahdude",6,"posted",1420
"woahdude",7,"art",1332
"woahdude",8,"form",1315
"woahdude",9,"beautiful",1308
"woahdude",10,"seeing",1228
"worldcup",1,"cup",4678
"worldcup",2,"germany",3101
"worldcup",3,"goal",2871
"worldcup",4,"players",2689
"worldcup",5,"football",2523
"worldcup",6,"brazil",2416
"worldcup",7,"match",2352
"worldcup",8,"ball",2320
"worldcup",9,"win",2303
"worldcup",10,"soccer",2149
"worldnews",1,"russia",5397
"worldnews",2,"countries",4807
"worldnews",3,"china",4298
"worldnews",4,"news",4240
"worldnews",5,"law",4089
"worldnews",6,"american",3818
"worldnews",7,"military",3596
"worldnews",8,"public",3571
"worldnews",9,"police",3516
"worldnews",10,"nsa",3213
"worldpolitics",1,"israel",12834
"worldpolitics",2,"american",4379
"worldpolitics",3,"military",4039
"worldpolitics",4,"jews",3876
"worldpolitics",5,"israeli",3562
"worldpolitics",6,"countries",3442
"worldpolitics",7,"palestinians",3252
"worldpolitics",8,"america",3122
"worldpolitics",9,"political",2933
"worldpolitics",10,"news",2834
"wow",1,"guild",4123
"wow",2,"horde",3922
"wow",3,"raid",3770
"wow",4,"server",3418
"wow",5,"gear",3279
"wow",6,"blizzard",3175
"wow",7,"alliance",3069
"wow",8,"players",2609
"wow",9,"dps",2563
"wow",10,"pvp",2555
"writing",1,"writing",16582
"writing",2,"write",9828
"writing",3,"books",5606
"writing",4,"writer",4282
"writing",5,"writers",4175
"writing",6,"character",4138
"writing",7,"words",3909
"writing",8,"characters",3840
"writing",9,"novel",3183
"writing",10,"stories",3134
"writingprompts",1,"eyes",14323
"writingprompts",2,"looked",11846
"writingprompts",3,"\""i",9438
"writingprompts",4,"room",8706
"writingprompts",5,"door",8011
"writingprompts",6,"felt",7396
"writingprompts",7,"voice",6971
"writingprompts",8,"turned",6567
"writingprompts",9,"began",5864
"writingprompts",10,"asked",5852
"wtf",1,"dead",1646
"wtf",2,"eat",1472
"wtf",3,"ass",1470
"wtf",4,"fire",1436
"wtf",5,"dog",1421
"wtf",6,"wtf",1413
"wtf",7,"front",1352
"wtf",8,"kill",1260
"wtf",9,"blood",1244
"wtf",10,"gonna",1202
"youdontsurf",1,"harold",896
"youdontsurf",2,"sub",535
"youdontsurf",3,"stock",388
"youdontsurf",4,"u",249
"youdontsurf",5,"photos",217
"youdontsurf",6,"subreddit",212
"youdontsurf",7,"photo",208
"youdontsurf",8,"pizza",179
"youdontsurf",9,"joke",177
"youdontsurf",10,"posts",166
"youshouldknow",1,"google",2052
"youshouldknow",2,"information",1867
"youshouldknow",3,"ysk",1810
"youshouldknow",4,"data",1556
"youshouldknow",5,"site",1495
"youshouldknow",6,"service",1449
"youshouldknow",7,"windows",1405
"youshouldknow",8,"computer",1382
"youshouldknow",9,"list",1365
"youshouldknow",10,"account",1318
"youtubehaiku",1,"videos",975
"youtubehaiku",2,"youtube",781
"youtubehaiku",3,"song",656
"youtubehaiku",4,"joke",537
"youtubehaiku",5,"subreddit",516
"youtubehaiku",6,"seconds",453
"youtubehaiku",7,"watching",431
"youtubehaiku",8,"hilarious",428
"youtubehaiku",9,"title",413
"youtubehaiku",10,"original",405
"zelda",1,"zelda",5347
"zelda",2,"sword",1996
"zelda",3,"mask",1460
"zelda",4,"oot",1363
"zelda",5,"nintendo",1132
"zelda",6,"princess",998
"zelda",7,"wii",964
"zelda",8,"ocarina",940
"zelda",9,"hyrule",908
"zelda",10,"wind",906
