"","subreddit","Day","Count"
"1","4chan","0",23282
"2","4chan","1",22411
"3","4chan","2",23521
"4","4chan","3",23550
"5","4chan","4",20078
"6","4chan","5",18834
"7","4chan","6",20811
"8","abandonedporn","0",10534
"9","abandonedporn","1",10799
"10","abandonedporn","2",10392
"11","abandonedporn","3",9666
"12","abandonedporn","4",10640
"13","abandonedporn","5",8368
"14","abandonedporn","6",9299
"15","adventuretime","0",10589
"16","adventuretime","1",10055
"17","adventuretime","2",10053
"18","adventuretime","3",9284
"19","adventuretime","4",9061
"20","adventuretime","5",8198
"21","adventuretime","6",9729
"22","adviceanimals","0",27966
"23","adviceanimals","1",32047
"24","adviceanimals","2",30951
"25","adviceanimals","3",26219
"26","adviceanimals","4",27254
"27","adviceanimals","5",23459
"28","adviceanimals","6",18892
"29","alienblue","0",5153
"30","alienblue","1",5779
"31","alienblue","2",6053
"32","alienblue","3",6127
"33","alienblue","4",5542
"34","alienblue","5",4739
"35","alienblue","6",5048
"36","android","0",27421
"37","android","1",32193
"38","android","2",34561
"39","android","3",32303
"40","android","4",24567
"41","android","5",17552
"42","android","6",20878
"43","animalsbeingjerks","0",9450
"44","animalsbeingjerks","1",9231
"45","animalsbeingjerks","2",8362
"46","animalsbeingjerks","3",9436
"47","animalsbeingjerks","4",9797
"48","animalsbeingjerks","5",7855
"49","animalsbeingjerks","6",7976
"50","anime","0",17182
"51","anime","1",18319
"52","anime","2",18098
"53","anime","3",17393
"54","anime","4",16998
"55","anime","5",16268
"56","anime","6",17876
"57","apple","0",22983
"58","apple","1",25323
"59","apple","2",24898
"60","apple","3",22541
"61","apple","4",21733
"62","apple","5",16994
"63","apple","6",17741
"64","arresteddevelopment","0",6727
"65","arresteddevelopment","1",7583
"66","arresteddevelopment","2",7901
"67","arresteddevelopment","3",7698
"68","arresteddevelopment","4",7578
"69","arresteddevelopment","5",5948
"70","arresteddevelopment","6",6480
"71","art","0",10997
"72","art","1",11692
"73","art","2",13092
"74","art","3",12619
"75","art","4",11405
"76","art","5",9459
"77","art","6",10108
"78","askhistorians","0",15007
"79","askhistorians","1",15879
"80","askhistorians","2",15205
"81","askhistorians","3",15664
"82","askhistorians","4",14000
"83","askhistorians","5",11515
"84","askhistorians","6",13677
"85","askmen","0",28227
"86","askmen","1",27752
"87","askmen","2",27826
"88","askmen","3",25267
"89","askmen","4",24594
"90","askmen","5",21923
"91","askmen","6",25852
"92","askreddit","0",31068
"93","askreddit","1",32449
"94","askreddit","2",29764
"95","askreddit","3",29620
"96","askreddit","4",23565
"97","askreddit","5",26234
"98","askreddit","6",26701
"99","askscience","0",21719
"100","askscience","1",21341
"101","askscience","2",21110
"102","askscience","3",20313
"103","askscience","4",17673
"104","askscience","5",14559
"105","askscience","6",18277
"106","askwomen","0",25295
"107","askwomen","1",28323
"108","askwomen","2",26374
"109","askwomen","3",25693
"110","askwomen","4",25362
"111","askwomen","5",21520
"112","askwomen","6",24657
"113","asoiaf","0",32616
"114","asoiaf","1",27584
"115","asoiaf","2",25141
"116","asoiaf","3",23662
"117","asoiaf","4",22264
"118","asoiaf","5",16714
"119","asoiaf","6",20531
"120","astronomy","0",7071
"121","astronomy","1",6291
"122","astronomy","2",6302
"123","astronomy","3",6549
"124","astronomy","4",5755
"125","astronomy","5",5556
"126","astronomy","6",5440
"127","atheism","0",30134
"128","atheism","1",29545
"129","atheism","2",29598
"130","atheism","3",30488
"131","atheism","4",28402
"132","atheism","5",19724
"133","atheism","6",22637
"134","aww","0",25563
"135","aww","1",25666
"136","aww","2",23931
"137","aww","3",22118
"138","aww","4",25590
"139","aww","5",24342
"140","aww","6",22340
"141","baconreader","0",1874
"142","baconreader","1",2166
"143","baconreader","2",2329
"144","baconreader","3",2260
"145","baconreader","4",2053
"146","baconreader","5",1589
"147","baconreader","6",1710
"148","baseball","0",19371
"149","baseball","1",22474
"150","baseball","2",25172
"151","baseball","3",23382
"152","baseball","4",19989
"153","baseball","5",15050
"154","baseball","6",18272
"155","batman","0",11652
"156","batman","1",11610
"157","batman","2",11899
"158","batman","3",12379
"159","batman","4",10892
"160","batman","5",9713
"161","batman","6",9987
"162","battlestations","0",18423
"163","battlestations","1",16755
"164","battlestations","2",18384
"165","battlestations","3",19162
"166","battlestations","4",17117
"167","battlestations","5",15730
"168","battlestations","6",19930
"169","beer","0",14737
"170","beer","1",16674
"171","beer","2",17423
"172","beer","3",17686
"173","beer","4",15020
"174","beer","5",7742
"175","beer","6",8668
"176","behindthegifs","0",5353
"177","behindthegifs","1",4810
"178","behindthegifs","2",5292
"179","behindthegifs","3",5920
"180","behindthegifs","4",4746
"181","behindthegifs","5",4043
"182","behindthegifs","6",4270
"183","bestof","0",27045
"184","bestof","1",24906
"185","bestof","2",27613
"186","bestof","3",26765
"187","bestof","4",22425
"188","bestof","5",19112
"189","bestof","6",21618
"190","bicycling","0",19202
"191","bicycling","1",18592
"192","bicycling","2",18454
"193","bicycling","3",19666
"194","bicycling","4",17170
"195","bicycling","5",11644
"196","bicycling","6",12483
"197","bitcoin","0",23438
"198","bitcoin","1",22995
"199","bitcoin","2",25421
"200","bitcoin","3",29361
"201","bitcoin","4",23791
"202","bitcoin","5",15305
"203","bitcoin","6",15926
"204","bodyweightfitness","0",10438
"205","bodyweightfitness","1",6567
"206","bodyweightfitness","2",6457
"207","bodyweightfitness","3",6739
"208","bodyweightfitness","4",6031
"209","bodyweightfitness","5",4339
"210","bodyweightfitness","6",4836
"211","books","0",22530
"212","books","1",23927
"213","books","2",23533
"214","books","3",25363
"215","books","4",22741
"216","books","5",19048
"217","books","6",21573
"218","breakingbad","0",33593
"219","breakingbad","1",21494
"220","breakingbad","2",16293
"221","breakingbad","3",14455
"222","breakingbad","4",11804
"223","breakingbad","5",11431
"224","breakingbad","6",18506
"225","buildapc","0",23946
"226","buildapc","1",24095
"227","buildapc","2",23264
"228","buildapc","3",24278
"229","buildapc","4",19868
"230","buildapc","5",16980
"231","buildapc","6",20791
"232","business","0",20355
"233","business","1",21491
"234","business","2",23907
"235","business","3",21452
"236","business","4",18224
"237","business","5",8613
"238","business","6",9878
"239","buyitforlife","0",11879
"240","buyitforlife","1",12587
"241","buyitforlife","2",11225
"242","buyitforlife","3",11906
"243","buyitforlife","4",10757
"244","buyitforlife","5",7655
"245","buyitforlife","6",10618
"246","canada","0",24074
"247","canada","1",27113
"248","canada","2",28746
"249","canada","3",26610
"250","canada","4",25357
"251","canada","5",17218
"252","canada","6",18971
"253","carporn","0",8728
"254","carporn","1",8897
"255","carporn","2",9548
"256","carporn","3",9610
"257","carporn","4",8531
"258","carporn","5",6761
"259","carporn","6",8344
"260","cars","0",23691
"261","cars","1",23015
"262","cars","2",22252
"263","cars","3",21250
"264","cars","4",18467
"265","cars","5",14807
"266","cars","6",17509
"267","cats","0",12093
"268","cats","1",14187
"269","cats","2",15484
"270","cats","3",14455
"271","cats","4",14625
"272","cats","5",12144
"273","cats","6",11183
"274","celebs","0",5007
"275","celebs","1",4922
"276","celebs","2",5056
"277","celebs","3",4830
"278","celebs","4",4316
"279","celebs","5",3966
"280","celebs","6",3931
"281","cfb","0",25346
"282","cfb","1",25188
"283","cfb","2",27882
"284","cfb","3",22612
"285","cfb","4",19666
"286","cfb","5",25952
"287","cfb","6",26090
"288","changemyview","0",26611
"289","changemyview","1",24528
"290","changemyview","2",24937
"291","changemyview","3",24032
"292","changemyview","4",22635
"293","changemyview","5",20808
"294","changemyview","6",23368
"295","chemicalreactiongifs","0",4266
"296","chemicalreactiongifs","1",4864
"297","chemicalreactiongifs","2",4664
"298","chemicalreactiongifs","3",5383
"299","chemicalreactiongifs","4",5018
"300","chemicalreactiongifs","5",4296
"301","chemicalreactiongifs","6",4385
"302","circlejerk","0",23783
"303","circlejerk","1",22754
"304","circlejerk","2",22144
"305","circlejerk","3",23136
"306","circlejerk","4",20651
"307","circlejerk","5",18128
"308","circlejerk","6",20111
"309","cityporn","0",6070
"310","cityporn","1",5610
"311","cityporn","2",6661
"312","cityporn","3",6021
"313","cityporn","4",5710
"314","cityporn","5",5001
"315","cityporn","6",5826
"316","civ","0",13773
"317","civ","1",15729
"318","civ","2",13523
"319","civ","3",13739
"320","civ","4",13020
"321","civ","5",11241
"322","civ","6",11726
"323","comicbooks","0",16717
"324","comicbooks","1",19931
"325","comicbooks","2",18926
"326","comicbooks","3",19361
"327","comicbooks","4",16034
"328","comicbooks","5",13428
"329","comicbooks","6",12762
"330","comics","0",18590
"331","comics","1",17127
"332","comics","2",18572
"333","comics","3",19299
"334","comics","4",16630
"335","comics","5",12328
"336","comics","6",12768
"337","community","0",13858
"338","community","1",15376
"339","community","2",14675
"340","community","3",16807
"341","community","4",16286
"342","community","5",12622
"343","community","6",13190
"344","conspiracy","0",22670
"345","conspiracy","1",23841
"346","conspiracy","2",22587
"347","conspiracy","3",25088
"348","conspiracy","4",21715
"349","conspiracy","5",17392
"350","conspiracy","6",19470
"351","cooking","0",14111
"352","cooking","1",14842
"353","cooking","2",14536
"354","cooking","3",15504
"355","cooking","4",14499
"356","cooking","5",11420
"357","cooking","6",12002
"358","cosplay","0",7699
"359","cosplay","1",7427
"360","cosplay","2",7211
"361","cosplay","3",6531
"362","cosplay","4",6307
"363","cosplay","5",4419
"364","cosplay","6",5889
"365","cosplaygirls","0",4494
"366","cosplaygirls","1",4653
"367","cosplaygirls","2",4457
"368","cosplaygirls","3",4300
"369","cosplaygirls","4",4029
"370","cosplaygirls","5",2633
"371","cosplaygirls","6",2851
"372","crappydesign","0",8500
"373","crappydesign","1",9461
"374","crappydesign","2",9141
"375","crappydesign","3",8657
"376","crappydesign","4",8134
"377","crappydesign","5",7405
"378","crappydesign","6",7583
"379","crazyideas","0",13176
"380","crazyideas","1",13489
"381","crazyideas","2",13376
"382","crazyideas","3",14553
"383","crazyideas","4",13851
"384","crazyideas","5",12268
"385","crazyideas","6",13495
"386","creepy","0",15702
"387","creepy","1",15926
"388","creepy","2",16338
"389","creepy","3",15220
"390","creepy","4",16536
"391","creepy","5",14750
"392","creepy","6",14861
"393","creepypms","0",16604
"394","creepypms","1",16074
"395","creepypms","2",17236
"396","creepypms","3",15580
"397","creepypms","4",15266
"398","creepypms","5",12667
"399","creepypms","6",14438
"400","cringe","0",26804
"401","cringe","1",24518
"402","cringe","2",26020
"403","cringe","3",25086
"404","cringe","4",27162
"405","cringe","5",22713
"406","cringe","6",26463
"407","cringepics","0",24216
"408","cringepics","1",25678
"409","cringepics","2",25306
"410","cringepics","3",22696
"411","cringepics","4",23518
"412","cringepics","5",21520
"413","cringepics","6",23595
"414","dadjokes","0",7204
"415","dadjokes","1",8081
"416","dadjokes","2",7904
"417","dadjokes","3",7409
"418","dadjokes","4",7473
"419","dadjokes","5",6364
"420","dadjokes","6",6302
"421","dataisbeautiful","0",20389
"422","dataisbeautiful","1",20177
"423","dataisbeautiful","2",18107
"424","dataisbeautiful","3",18456
"425","dataisbeautiful","4",16738
"426","dataisbeautiful","5",14998
"427","dataisbeautiful","6",15934
"428","dayz","0",19770
"429","dayz","1",19881
"430","dayz","2",20125
"431","dayz","3",19820
"432","dayz","4",16218
"433","dayz","5",14341
"434","dayz","6",15131
"435","depthhub","0",6942
"436","depthhub","1",7080
"437","depthhub","2",7252
"438","depthhub","3",6461
"439","depthhub","4",6044
"440","depthhub","5",5060
"441","depthhub","6",4722
"442","design","0",8075
"443","design","1",10764
"444","design","2",11398
"445","design","3",12537
"446","design","4",9798
"447","design","5",6228
"448","design","6",6467
"449","destinythegame","0",27712
"450","destinythegame","1",25524
"451","destinythegame","2",26592
"452","destinythegame","3",25469
"453","destinythegame","4",25459
"454","destinythegame","5",17394
"455","destinythegame","6",19593
"456","diablo","0",24008
"457","diablo","1",28206
"458","diablo","2",24273
"459","diablo","3",25007
"460","diablo","4",21233
"461","diablo","5",15012
"462","diablo","6",17827
"463","diy","0",25615
"464","diy","1",24848
"465","diy","2",25687
"466","diy","3",23591
"467","diy","4",22060
"468","diy","5",19653
"469","diy","6",22855
"470","doctorwho","0",15564
"471","doctorwho","1",16989
"472","doctorwho","2",15880
"473","doctorwho","3",15889
"474","doctorwho","4",14720
"475","doctorwho","5",12717
"476","doctorwho","6",15952
"477","documentaries","0",12184
"478","documentaries","1",12922
"479","documentaries","2",13573
"480","documentaries","3",12719
"481","documentaries","4",11235
"482","documentaries","5",9712
"483","documentaries","6",10655
"484","doesanybodyelse","0",21572
"485","doesanybodyelse","1",21834
"486","doesanybodyelse","2",21935
"487","doesanybodyelse","3",23515
"488","doesanybodyelse","4",20771
"489","doesanybodyelse","5",17450
"490","doesanybodyelse","6",20549
"491","dota2","0",29502
"492","dota2","1",26566
"493","dota2","2",26479
"494","dota2","3",26606
"495","dota2","4",23836
"496","dota2","5",19679
"497","dota2","6",25874
"498","drugs","0",18010
"499","drugs","1",18123
"500","drugs","2",17368
"501","drugs","3",19191
"502","drugs","4",17606
"503","drugs","5",11673
"504","drugs","6",12286
"505","drunk","0",7648
"506","drunk","1",8625
"507","drunk","2",9261
"508","drunk","3",8477
"509","drunk","4",9416
"510","drunk","5",7765
"511","drunk","6",7268
"512","earthporn","0",22172
"513","earthporn","1",20087
"514","earthporn","2",20025
"515","earthporn","3",19306
"516","earthporn","4",18768
"517","earthporn","5",16779
"518","earthporn","6",19974
"519","eatcheapandhealthy","0",8792
"520","eatcheapandhealthy","1",9276
"521","eatcheapandhealthy","2",7282
"522","eatcheapandhealthy","3",7338
"523","eatcheapandhealthy","4",7071
"524","eatcheapandhealthy","5",5475
"525","eatcheapandhealthy","6",7017
"526","economics","0",24406
"527","economics","1",28721
"528","economics","2",27260
"529","economics","3",26413
"530","economics","4",25092
"531","economics","5",13851
"532","economics","6",16605
"533","electronicmusic","0",10075
"534","electronicmusic","1",12178
"535","electronicmusic","2",10779
"536","electronicmusic","3",11933
"537","electronicmusic","4",10017
"538","electronicmusic","5",6888
"539","electronicmusic","6",7686
"540","entertainment","0",20851
"541","entertainment","1",22668
"542","entertainment","2",22424
"543","entertainment","3",21697
"544","entertainment","4",17223
"545","entertainment","5",13240
"546","entertainment","6",13778
"547","entrepreneur","0",14100
"548","entrepreneur","1",12821
"549","entrepreneur","2",11933
"550","entrepreneur","3",14016
"551","entrepreneur","4",12165
"552","entrepreneur","5",9635
"553","entrepreneur","6",10044
"554","environment","0",12015
"555","environment","1",14791
"556","environment","2",13633
"557","environment","3",14279
"558","environment","4",11075
"559","environment","5",5528
"560","environment","6",7373
"561","europe","0",22041
"562","europe","1",21276
"563","europe","2",21649
"564","europe","3",22966
"565","europe","4",21250
"566","europe","5",16594
"567","europe","6",18525
"568","everymanshouldknow","0",9582
"569","everymanshouldknow","1",9463
"570","everymanshouldknow","2",10277
"571","everymanshouldknow","3",9299
"572","everymanshouldknow","4",8549
"573","everymanshouldknow","5",7704
"574","everymanshouldknow","6",7758
"575","explainlikeimfive","0",28371
"576","explainlikeimfive","1",29319
"577","explainlikeimfive","2",28083
"578","explainlikeimfive","3",27593
"579","explainlikeimfive","4",25660
"580","explainlikeimfive","5",25078
"581","explainlikeimfive","6",26376
"582","facepalm","0",21279
"583","facepalm","1",22324
"584","facepalm","2",20035
"585","facepalm","3",20623
"586","facepalm","4",18480
"587","facepalm","5",17801
"588","facepalm","6",18925
"589","fallout","0",14941
"590","fallout","1",14577
"591","fallout","2",15590
"592","fallout","3",15926
"593","fallout","4",12661
"594","fallout","5",13490
"595","fallout","6",15545
"596","fantasyfootball","0",26943
"597","fantasyfootball","1",25217
"598","fantasyfootball","2",24978
"599","fantasyfootball","3",24982
"600","fantasyfootball","4",18748
"601","fantasyfootball","5",10463
"602","fantasyfootball","6",21388
"603","fantheories","0",12888
"604","fantheories","1",11932
"605","fantheories","2",12303
"606","fantheories","3",12792
"607","fantheories","4",11007
"608","fantheories","5",9747
"609","fantheories","6",10190
"610","fffffffuuuuuuuuuuuu","0",21411
"611","fffffffuuuuuuuuuuuu","1",23769
"612","fffffffuuuuuuuuuuuu","2",24789
"613","fffffffuuuuuuuuuuuu","3",21720
"614","fffffffuuuuuuuuuuuu","4",25090
"615","fffffffuuuuuuuuuuuu","5",16767
"616","fffffffuuuuuuuuuuuu","6",19810
"617","fiftyfifty","0",11954
"618","fiftyfifty","1",10421
"619","fiftyfifty","2",11603
"620","fiftyfifty","3",12809
"621","fiftyfifty","4",10014
"622","fiftyfifty","5",11384
"623","fiftyfifty","6",12414
"624","firstworldanarchists","0",14763
"625","firstworldanarchists","1",13198
"626","firstworldanarchists","2",13603
"627","firstworldanarchists","3",13156
"628","firstworldanarchists","4",14015
"629","firstworldanarchists","5",10410
"630","firstworldanarchists","6",13667
"631","firstworldproblems","0",13514
"632","firstworldproblems","1",14789
"633","firstworldproblems","2",14014
"634","firstworldproblems","3",13364
"635","firstworldproblems","4",12153
"636","firstworldproblems","5",9259
"637","firstworldproblems","6",11136
"638","fitness","0",29179
"639","fitness","1",30159
"640","fitness","2",32290
"641","fitness","3",28836
"642","fitness","4",25709
"643","fitness","5",19454
"644","fitness","6",20713
"645","food","0",22703
"646","food","1",24689
"647","food","2",23237
"648","food","3",23362
"649","food","4",18668
"650","food","5",18322
"651","food","6",21967
"652","foodforthought","0",12504
"653","foodforthought","1",12462
"654","foodforthought","2",11953
"655","foodforthought","3",10848
"656","foodforthought","4",10928
"657","foodforthought","5",8198
"658","foodforthought","6",8800
"659","foodporn","0",13408
"660","foodporn","1",14092
"661","foodporn","2",14617
"662","foodporn","3",13737
"663","foodporn","4",11886
"664","foodporn","5",9624
"665","foodporn","6",12772
"666","freebies","0",9770
"667","freebies","1",10334
"668","freebies","2",10714
"669","freebies","3",11151
"670","freebies","4",8781
"671","freebies","5",6776
"672","freebies","6",7558
"673","frugal","0",24188
"674","frugal","1",27594
"675","frugal","2",25373
"676","frugal","3",25815
"677","frugal","4",24451
"678","frugal","5",18199
"679","frugal","6",20901
"680","frugalmalefashion","0",13552
"681","frugalmalefashion","1",11609
"682","frugalmalefashion","2",13021
"683","frugalmalefashion","3",11536
"684","frugalmalefashion","4",10331
"685","frugalmalefashion","5",6669
"686","frugalmalefashion","6",8330
"687","fullmoviesonyoutube","0",1903
"688","fullmoviesonyoutube","1",1647
"689","fullmoviesonyoutube","2",1785
"690","fullmoviesonyoutube","3",2082
"691","fullmoviesonyoutube","4",2238
"692","fullmoviesonyoutube","5",2099
"693","fullmoviesonyoutube","6",1840
"694","funny","0",30774
"695","funny","1",30436
"696","funny","2",30812
"697","funny","3",26196
"698","funny","4",30180
"699","funny","5",19025
"700","funny","6",20861
"701","futurama","0",7990
"702","futurama","1",7671
"703","futurama","2",8218
"704","futurama","3",8362
"705","futurama","4",6860
"706","futurama","5",5758
"707","futurama","6",6804
"708","futurology","0",21037
"709","futurology","1",23182
"710","futurology","2",22832
"711","futurology","3",22687
"712","futurology","4",19485
"713","futurology","5",16097
"714","futurology","6",18873
"715","gadgets","0",17650
"716","gadgets","1",19450
"717","gadgets","2",20459
"718","gadgets","3",18733
"719","gadgets","4",18113
"720","gadgets","5",12011
"721","gadgets","6",12859
"722","gamedeals","0",17743
"723","gamedeals","1",23280
"724","gamedeals","2",21050
"725","gamedeals","3",30121
"726","gamedeals","4",20477
"727","gamedeals","5",14396
"728","gamedeals","6",14148
"729","gamedev","0",12581
"730","gamedev","1",14857
"731","gamedev","2",14738
"732","gamedev","3",13928
"733","gamedev","4",11833
"734","gamedev","5",8375
"735","gamedev","6",7899
"736","gameofthrones","0",48952
"737","gameofthrones","1",29095
"738","gameofthrones","2",19015
"739","gameofthrones","3",19307
"740","gameofthrones","4",15788
"741","gameofthrones","5",13807
"742","gameofthrones","6",17857
"743","games","0",27375
"744","games","1",32928
"745","games","2",30996
"746","games","3",28575
"747","games","4",25039
"748","games","5",17421
"749","games","6",20553
"750","gaming","0",29773
"751","gaming","1",28830
"752","gaming","2",30317
"753","gaming","3",32307
"754","gaming","4",22884
"755","gaming","5",20788
"756","gaming","6",25068
"757","geek","0",18654
"758","geek","1",20728
"759","geek","2",22511
"760","geek","3",23269
"761","geek","4",19716
"762","geek","5",16021
"763","geek","6",15969
"764","gentlemanboners","0",10490
"765","gentlemanboners","1",10249
"766","gentlemanboners","2",11286
"767","gentlemanboners","3",10408
"768","gentlemanboners","4",10206
"769","gentlemanboners","5",8279
"770","gentlemanboners","6",9472
"771","getdisciplined","0",5567
"772","getdisciplined","1",5703
"773","getdisciplined","2",5738
"774","getdisciplined","3",5225
"775","getdisciplined","4",4919
"776","getdisciplined","5",4218
"777","getdisciplined","6",5126
"778","getmotivated","0",17410
"779","getmotivated","1",18481
"780","getmotivated","2",17260
"781","getmotivated","3",18144
"782","getmotivated","4",14767
"783","getmotivated","5",13731
"784","getmotivated","6",15185
"785","gif","0",5296
"786","gif","1",5368
"787","gif","2",6184
"788","gif","3",5307
"789","gif","4",5379
"790","gif","5",4430
"791","gif","6",4881
"792","gifs","0",30115
"793","gifs","1",32382
"794","gifs","2",26696
"795","gifs","3",25767
"796","gifs","4",25797
"797","gifs","5",22897
"798","gifs","6",21875
"799","globaloffensive","0",22668
"800","globaloffensive","1",21455
"801","globaloffensive","2",22110
"802","globaloffensive","3",22814
"803","globaloffensive","4",19287
"804","globaloffensive","5",19637
"805","globaloffensive","6",21300
"806","grandtheftautov","0",15757
"807","grandtheftautov","1",20698
"808","grandtheftautov","2",16948
"809","grandtheftautov","3",15672
"810","grandtheftautov","4",15465
"811","grandtheftautov","5",12314
"812","grandtheftautov","6",13503
"813","guildwars2","0",21624
"814","guildwars2","1",25104
"815","guildwars2","2",27571
"816","guildwars2","3",24412
"817","guildwars2","4",18420
"818","guildwars2","5",16046
"819","guildwars2","6",13476
"820","guitar","0",14736
"821","guitar","1",16016
"822","guitar","2",15612
"823","guitar","3",14413
"824","guitar","4",13020
"825","guitar","5",10880
"826","guitar","6",11384
"827","guns","0",24250
"828","guns","1",24791
"829","guns","2",23031
"830","guns","3",25389
"831","guns","4",22952
"832","guns","5",18757
"833","guns","6",20483
"834","harrypotter","0",14920
"835","harrypotter","1",13079
"836","harrypotter","2",11787
"837","harrypotter","3",12490
"838","harrypotter","4",11179
"839","harrypotter","5",11143
"840","harrypotter","6",12402
"841","health","0",6775
"842","health","1",7955
"843","health","2",7258
"844","health","3",8971
"845","health","4",6807
"846","health","5",4765
"847","health","6",4803
"848","hearthstone","0",22911
"849","hearthstone","1",22976
"850","hearthstone","2",24207
"851","hearthstone","3",22947
"852","hearthstone","4",21583
"853","hearthstone","5",19256
"854","hearthstone","6",18641
"855","hiphopheads","0",24378
"856","hiphopheads","1",26948
"857","hiphopheads","2",29702
"858","hiphopheads","3",27056
"859","hiphopheads","4",25489
"860","hiphopheads","5",20100
"861","hiphopheads","6",20630
"862","history","0",14543
"863","history","1",13655
"864","history","2",14138
"865","history","3",12349
"866","history","4",12632
"867","history","5",10586
"868","history","6",11033
"869","historyporn","0",16899
"870","historyporn","1",16299
"871","historyporn","2",16991
"872","historyporn","3",17246
"873","historyporn","4",17679
"874","historyporn","5",15527
"875","historyporn","6",17779
"876","hockey","0",23771
"877","hockey","1",26111
"878","hockey","2",26929
"879","hockey","3",25697
"880","hockey","4",23440
"881","hockey","5",20814
"882","hockey","6",20432
"883","holdmybeer","0",6330
"884","holdmybeer","1",6005
"885","holdmybeer","2",6253
"886","holdmybeer","3",6292
"887","holdmybeer","4",6079
"888","holdmybeer","5",4712
"889","holdmybeer","6",4853
"890","homebrewing","0",11643
"891","homebrewing","1",12194
"892","homebrewing","2",11621
"893","homebrewing","3",11284
"894","homebrewing","4",9636
"895","homebrewing","5",6141
"896","homebrewing","6",7676
"897","howto","0",5391
"898","howto","1",6323
"899","howto","2",5286
"900","howto","3",6589
"901","howto","4",5958
"902","howto","5",4781
"903","howto","6",4403
"904","howtonotgiveafuck","0",7242
"905","howtonotgiveafuck","1",6388
"906","howtonotgiveafuck","2",7246
"907","howtonotgiveafuck","3",6225
"908","howtonotgiveafuck","4",5846
"909","howtonotgiveafuck","5",4493
"910","howtonotgiveafuck","6",5319
"911","humanporn","0",5605
"912","humanporn","1",5994
"913","humanporn","2",5680
"914","humanporn","3",5323
"915","humanporn","4",5180
"916","humanporn","5",5260
"917","humanporn","6",5917
"918","humor","0",11679
"919","humor","1",13993
"920","humor","2",12797
"921","humor","3",13494
"922","humor","4",12821
"923","humor","5",8053
"924","humor","6",7946
"925","iama","0",31336
"926","iama","1",36050
"927","iama","2",35098
"928","iama","3",36046
"929","iama","4",29250
"930","iama","5",15364
"931","iama","6",15670
"932","idiotsfightingthings","0",5067
"933","idiotsfightingthings","1",5109
"934","idiotsfightingthings","2",5751
"935","idiotsfightingthings","3",7665
"936","idiotsfightingthings","4",7116
"937","idiotsfightingthings","5",4351
"938","idiotsfightingthings","6",4802
"939","interestingasfuck","0",10211
"940","interestingasfuck","1",11561
"941","interestingasfuck","2",11186
"942","interestingasfuck","3",10037
"943","interestingasfuck","4",10675
"944","interestingasfuck","5",9583
"945","interestingasfuck","6",9406
"946","internetisbeautiful","0",12850
"947","internetisbeautiful","1",11494
"948","internetisbeautiful","2",12228
"949","internetisbeautiful","3",13153
"950","internetisbeautiful","4",11890
"951","internetisbeautiful","5",9577
"952","internetisbeautiful","6",11223
"953","investing","0",12595
"954","investing","1",16311
"955","investing","2",16127
"956","investing","3",15313
"957","investing","4",14005
"958","investing","5",7624
"959","investing","6",7752
"960","iphone","0",13929
"961","iphone","1",15283
"962","iphone","2",16993
"963","iphone","3",15540
"964","iphone","4",14645
"965","iphone","5",10932
"966","iphone","6",11807
"967","itookapicture","0",7676
"968","itookapicture","1",7432
"969","itookapicture","2",7410
"970","itookapicture","3",7411
"971","itookapicture","4",6615
"972","itookapicture","5",5203
"973","itookapicture","6",6513
"974","iwanttolearn","0",7585
"975","iwanttolearn","1",7027
"976","iwanttolearn","2",7920
"977","iwanttolearn","3",7320
"978","iwanttolearn","4",7451
"979","iwanttolearn","5",5960
"980","iwanttolearn","6",6627
"981","jokes","0",17966
"982","jokes","1",18409
"983","jokes","2",19287
"984","jokes","3",18956
"985","jokes","4",18410
"986","jokes","5",15023
"987","jokes","6",16323
"988","justiceporn","0",22285
"989","justiceporn","1",21935
"990","justiceporn","2",22062
"991","justiceporn","3",21622
"992","justiceporn","4",19855
"993","justiceporn","5",18877
"994","justiceporn","6",19820
"995","keto","0",11728
"996","keto","1",12972
"997","keto","2",13338
"998","keto","3",13353
"999","keto","4",20055
"1000","keto","5",11089
"1001","keto","6",9145
"1002","ladyboners","0",8108
"1003","ladyboners","1",9037
"1004","ladyboners","2",9693
"1005","ladyboners","3",9251
"1006","ladyboners","4",8482
"1007","ladyboners","5",7126
"1008","ladyboners","6",7997
"1009","leagueoflegends","0",30627
"1010","leagueoflegends","1",28131
"1011","leagueoflegends","2",27928
"1012","leagueoflegends","3",27602
"1013","leagueoflegends","4",24933
"1014","leagueoflegends","5",27735
"1015","leagueoflegends","6",27112
"1016","learnprogramming","0",11204
"1017","learnprogramming","1",11376
"1018","learnprogramming","2",11675
"1019","learnprogramming","3",11565
"1020","learnprogramming","4",10634
"1021","learnprogramming","5",8794
"1022","learnprogramming","6",8933
"1023","learnuselesstalents","0",7787
"1024","learnuselesstalents","1",7623
"1025","learnuselesstalents","2",6797
"1026","learnuselesstalents","3",7712
"1027","learnuselesstalents","4",6084
"1028","learnuselesstalents","5",5659
"1029","learnuselesstalents","6",7301
"1030","libertarian","0",23714
"1031","libertarian","1",26144
"1032","libertarian","2",26908
"1033","libertarian","3",25388
"1034","libertarian","4",22896
"1035","libertarian","5",18257
"1036","libertarian","6",18653
"1037","lifehacks","0",14967
"1038","lifehacks","1",15314
"1039","lifehacks","2",15552
"1040","lifehacks","3",14818
"1041","lifehacks","4",12158
"1042","lifehacks","5",12288
"1043","lifehacks","6",13686
"1044","lifeprotips","0",27673
"1045","lifeprotips","1",26601
"1046","lifeprotips","2",28152
"1047","lifeprotips","3",28233
"1048","lifeprotips","4",26086
"1049","lifeprotips","5",24018
"1050","lifeprotips","6",25729
"1051","linux","0",18354
"1052","linux","1",25172
"1053","linux","2",26411
"1054","linux","3",25223
"1055","linux","4",23241
"1056","linux","5",15499
"1057","linux","6",14668
"1058","listentothis","0",8106
"1059","listentothis","1",7698
"1060","listentothis","2",8549
"1061","listentothis","3",8289
"1062","listentothis","4",6436
"1063","listentothis","5",5691
"1064","listentothis","6",5895
"1065","loseit","0",18135
"1066","loseit","1",19625
"1067","loseit","2",18986
"1068","loseit","3",21147
"1069","loseit","4",17792
"1070","loseit","5",13607
"1071","loseit","6",13433
"1072","luciddreaming","0",8608
"1073","luciddreaming","1",8276
"1074","luciddreaming","2",8214
"1075","luciddreaming","3",7625
"1076","luciddreaming","4",6520
"1077","luciddreaming","5",6364
"1078","luciddreaming","6",7214
"1079","magictcg","0",23057
"1080","magictcg","1",21348
"1081","magictcg","2",19436
"1082","magictcg","3",19654
"1083","magictcg","4",19008
"1084","magictcg","5",11366
"1085","magictcg","6",15741
"1086","makeupaddiction","0",19627
"1087","makeupaddiction","1",13425
"1088","makeupaddiction","2",19016
"1089","makeupaddiction","3",20895
"1090","makeupaddiction","4",19605
"1091","makeupaddiction","5",15287
"1092","makeupaddiction","6",17375
"1093","malefashionadvice","0",24626
"1094","malefashionadvice","1",24843
"1095","malefashionadvice","2",25846
"1096","malefashionadvice","3",25808
"1097","malefashionadvice","4",24395
"1098","malefashionadvice","5",20987
"1099","malefashionadvice","6",22535
"1100","mapporn","0",24165
"1101","mapporn","1",23907
"1102","mapporn","2",24038
"1103","mapporn","3",24652
"1104","mapporn","4",22391
"1105","mapporn","5",19427
"1106","mapporn","6",22135
"1107","math","0",12410
"1108","math","1",13243
"1109","math","2",13511
"1110","math","3",12365
"1111","math","4",11308
"1112","math","5",8966
"1113","math","6",10161
"1114","meditation","0",6213
"1115","meditation","1",6193
"1116","meditation","2",6212
"1117","meditation","3",6543
"1118","meditation","4",5261
"1119","meditation","5",4631
"1120","meditation","6",5318
"1121","mensrights","0",24104
"1122","mensrights","1",25036
"1123","mensrights","2",26140
"1124","mensrights","3",22689
"1125","mensrights","4",22498
"1126","mensrights","5",19654
"1127","mensrights","6",20147
"1128","mildlyinfuriating","0",17291
"1129","mildlyinfuriating","1",16461
"1130","mildlyinfuriating","2",17564
"1131","mildlyinfuriating","3",16235
"1132","mildlyinfuriating","4",17615
"1133","mildlyinfuriating","5",17036
"1134","mildlyinfuriating","6",16263
"1135","mildlyinteresting","0",28097
"1136","mildlyinteresting","1",26202
"1137","mildlyinteresting","2",27308
"1138","mildlyinteresting","3",24164
"1139","mildlyinteresting","4",22803
"1140","mildlyinteresting","5",22496
"1141","mildlyinteresting","6",27985
"1142","minecraft","0",24848
"1143","minecraft","1",23493
"1144","minecraft","2",22483
"1145","minecraft","3",25251
"1146","minecraft","4",21200
"1147","minecraft","5",22072
"1148","minecraft","6",24339
"1149","minimalism","0",8721
"1150","minimalism","1",9741
"1151","minimalism","2",9148
"1152","minimalism","3",7843
"1153","minimalism","4",7917
"1154","minimalism","5",6895
"1155","minimalism","6",8728
"1156","montageparodies","0",8169
"1157","montageparodies","1",8593
"1158","montageparodies","2",7816
"1159","montageparodies","3",7740
"1160","montageparodies","4",7891
"1161","montageparodies","5",7473
"1162","montageparodies","6",8599
"1163","motorcycles","0",19590
"1164","motorcycles","1",21153
"1165","motorcycles","2",20266
"1166","motorcycles","3",19532
"1167","motorcycles","4",20954
"1168","motorcycles","5",13045
"1169","motorcycles","6",12605
"1170","movies","0",32247
"1171","movies","1",32519
"1172","movies","2",29172
"1173","movies","3",28740
"1174","movies","4",27593
"1175","movies","5",22816
"1176","movies","6",23501
"1177","murica","0",15641
"1178","murica","1",16420
"1179","murica","2",18241
"1180","murica","3",17750
"1181","murica","4",17227
"1182","murica","5",13241
"1183","murica","6",15300
"1184","music","0",30681
"1185","music","1",29849
"1186","music","2",28120
"1187","music","3",29194
"1188","music","4",25802
"1189","music","5",24221
"1190","music","6",26901
"1191","nba","0",27233
"1192","nba","1",27236
"1193","nba","2",29611
"1194","nba","3",29647
"1195","nba","4",26281
"1196","nba","5",20827
"1197","nba","6",23968
"1198","netflixbestof","0",14473
"1199","netflixbestof","1",14080
"1200","netflixbestof","2",14204
"1201","netflixbestof","3",13960
"1202","netflixbestof","4",13115
"1203","netflixbestof","5",10609
"1204","netflixbestof","6",11933
"1205","netsec","0",9201
"1206","netsec","1",11046
"1207","netsec","2",11431
"1208","netsec","3",10284
"1209","netsec","4",9478
"1210","netsec","5",5307
"1211","netsec","6",5160
"1212","news","0",27721
"1213","news","1",33896
"1214","news","2",30834
"1215","news","3",29789
"1216","news","4",27678
"1217","news","5",23272
"1218","news","6",21583
"1219","nfl","0",34250
"1220","nfl","1",30750
"1221","nfl","2",31561
"1222","nfl","3",26897
"1223","nfl","4",24861
"1224","nfl","5",15993
"1225","nfl","6",30263
"1226","nofap","0",12766
"1227","nofap","1",13076
"1228","nofap","2",12676
"1229","nofap","3",12160
"1230","nofap","4",10986
"1231","nofap","5",9206
"1232","nofap","6",10884
"1233","nonononoyes","0",7259
"1234","nonononoyes","1",7695
"1235","nonononoyes","2",7940
"1236","nonononoyes","3",7417
"1237","nonononoyes","4",7799
"1238","nonononoyes","5",5759
"1239","nonononoyes","6",7336
"1240","nosleep","0",19836
"1241","nosleep","1",19329
"1242","nosleep","2",20264
"1243","nosleep","3",18432
"1244","nosleep","4",16300
"1245","nosleep","5",12725
"1246","nosleep","6",16412
"1247","nostalgia","0",9074
"1248","nostalgia","1",9448
"1249","nostalgia","2",9448
"1250","nostalgia","3",10787
"1251","nostalgia","4",9407
"1252","nostalgia","5",7323
"1253","nostalgia","6",8675
"1254","nottheonion","0",23266
"1255","nottheonion","1",24844
"1256","nottheonion","2",25736
"1257","nottheonion","3",22382
"1258","nottheonion","4",22838
"1259","nottheonion","5",21054
"1260","nottheonion","6",21199
"1261","oddlysatisfying","0",9338
"1262","oddlysatisfying","1",9828
"1263","oddlysatisfying","2",9679
"1264","oddlysatisfying","3",9930
"1265","oddlysatisfying","4",10493
"1266","oddlysatisfying","5",9623
"1267","oddlysatisfying","6",10008
"1268","offbeat","0",23846
"1269","offbeat","1",26976
"1270","offbeat","2",27615
"1271","offbeat","3",26490
"1272","offbeat","4",24180
"1273","offbeat","5",15659
"1274","offbeat","6",16654
"1275","offmychest","0",18892
"1276","offmychest","1",17071
"1277","offmychest","2",16917
"1278","offmychest","3",17075
"1279","offmychest","4",16998
"1280","offmychest","5",16437
"1281","offmychest","6",16629
"1282","oldschoolcool","0",13855
"1283","oldschoolcool","1",15646
"1284","oldschoolcool","2",14028
"1285","oldschoolcool","3",14952
"1286","oldschoolcool","4",14961
"1287","oldschoolcool","5",11060
"1288","oldschoolcool","6",13270
"1289","outoftheloop","0",9375
"1290","outoftheloop","1",10649
"1291","outoftheloop","2",10343
"1292","outoftheloop","3",9077
"1293","outoftheloop","4",9424
"1294","outoftheloop","5",8505
"1295","outoftheloop","6",9853
"1296","outside","0",7297
"1297","outside","1",7247
"1298","outside","2",8260
"1299","outside","3",7189
"1300","outside","4",7255
"1301","outside","5",6537
"1302","outside","6",6998
"1303","pcgaming","0",17221
"1304","pcgaming","1",17425
"1305","pcgaming","2",16039
"1306","pcgaming","3",16285
"1307","pcgaming","4",17456
"1308","pcgaming","5",12193
"1309","pcgaming","6",12746
"1310","pcmasterrace","0",25917
"1311","pcmasterrace","1",27592
"1312","pcmasterrace","2",28944
"1313","pcmasterrace","3",27175
"1314","pcmasterrace","4",25956
"1315","pcmasterrace","5",21759
"1316","pcmasterrace","6",24394
"1317","perfecttiming","0",8537
"1318","perfecttiming","1",8696
"1319","perfecttiming","2",8099
"1320","perfecttiming","3",7830
"1321","perfecttiming","4",7514
"1322","perfecttiming","5",6227
"1323","perfecttiming","6",6962
"1324","personalfinance","0",22264
"1325","personalfinance","1",22493
"1326","personalfinance","2",23447
"1327","personalfinance","3",24463
"1328","personalfinance","4",19840
"1329","personalfinance","5",14379
"1330","personalfinance","6",16718
"1331","pettyrevenge","0",15337
"1332","pettyrevenge","1",18302
"1333","pettyrevenge","2",17201
"1334","pettyrevenge","3",15973
"1335","pettyrevenge","4",16081
"1336","pettyrevenge","5",12055
"1337","pettyrevenge","6",12454
"1338","philosophy","0",18083
"1339","philosophy","1",17783
"1340","philosophy","2",17187
"1341","philosophy","3",17082
"1342","philosophy","4",15988
"1343","philosophy","5",10953
"1344","philosophy","6",11691
"1345","photography","0",16489
"1346","photography","1",15478
"1347","photography","2",16864
"1348","photography","3",16424
"1349","photography","4",14163
"1350","photography","5",9057
"1351","photography","6",11143
"1352","photoshopbattles","0",22726
"1353","photoshopbattles","1",23040
"1354","photoshopbattles","2",21763
"1355","photoshopbattles","3",22801
"1356","photoshopbattles","4",19943
"1357","photoshopbattles","5",18835
"1358","photoshopbattles","6",20939
"1359","physics","0",8698
"1360","physics","1",8084
"1361","physics","2",9474
"1362","physics","3",8810
"1363","physics","4",8991
"1364","physics","5",6766
"1365","physics","6",6991
"1366","pics","0",28702
"1367","pics","1",28392
"1368","pics","2",30893
"1369","pics","3",30056
"1370","pics","4",27751
"1371","pics","5",21845
"1372","pics","6",25867
"1373","pokemon","0",24515
"1374","pokemon","1",23750
"1375","pokemon","2",23203
"1376","pokemon","3",20075
"1377","pokemon","4",20876
"1378","pokemon","5",19184
"1379","pokemon","6",21326
"1380","polandball","0",21731
"1381","polandball","1",20498
"1382","polandball","2",23453
"1383","polandball","3",23710
"1384","polandball","4",21811
"1385","polandball","5",21272
"1386","polandball","6",21738
"1387","politics","0",29830
"1388","politics","1",32405
"1389","politics","2",35048
"1390","politics","3",32178
"1391","politics","4",29509
"1392","politics","5",19585
"1393","politics","6",18120
"1394","programming","0",27062
"1395","programming","1",32304
"1396","programming","2",33521
"1397","programming","3",31938
"1398","programming","4",25675
"1399","programming","5",16149
"1400","programming","6",16861
"1401","progresspics","0",11856
"1402","progresspics","1",11730
"1403","progresspics","2",11869
"1404","progresspics","3",11904
"1405","progresspics","4",11124
"1406","progresspics","5",8607
"1407","progresspics","6",10798
"1408","ps4","0",20835
"1409","ps4","1",25625
"1410","ps4","2",24210
"1411","ps4","3",23703
"1412","ps4","4",23802
"1413","ps4","5",15533
"1414","ps4","6",15477
"1415","psychology","0",8147
"1416","psychology","1",9213
"1417","psychology","2",8482
"1418","psychology","3",7929
"1419","psychology","4",7414
"1420","psychology","5",5710
"1421","psychology","6",6940
"1422","quotesporn","0",9800
"1423","quotesporn","1",10366
"1424","quotesporn","2",10049
"1425","quotesporn","3",12141
"1426","quotesporn","4",10438
"1427","quotesporn","5",8501
"1428","quotesporn","6",8356
"1429","reactiongifs","0",21744
"1430","reactiongifs","1",22772
"1431","reactiongifs","2",22548
"1432","reactiongifs","3",23090
"1433","reactiongifs","4",19951
"1434","reactiongifs","5",16475
"1435","reactiongifs","6",17185
"1436","recipes","0",5552
"1437","recipes","1",5491
"1438","recipes","2",5682
"1439","recipes","3",5461
"1440","recipes","4",4830
"1441","recipes","5",3523
"1442","recipes","6",4551
"1443","relationships","0",21234
"1444","relationships","1",23754
"1445","relationships","2",25308
"1446","relationships","3",24363
"1447","relationships","4",21145
"1448","relationships","5",15247
"1449","relationships","6",17396
"1450","roomporn","0",8757
"1451","roomporn","1",8368
"1452","roomporn","2",9208
"1453","roomporn","3",8611
"1454","roomporn","4",8664
"1455","roomporn","5",6950
"1456","roomporn","6",7376
"1457","running","0",13820
"1458","running","1",12637
"1459","running","2",13296
"1460","running","3",12374
"1461","running","4",10976
"1462","running","5",7593
"1463","running","6",10902
"1464","science","0",25157
"1465","science","1",27989
"1466","science","2",28717
"1467","science","3",28716
"1468","science","4",25721
"1469","science","5",18793
"1470","science","6",18308
"1471","scifi","0",19883
"1472","scifi","1",21793
"1473","scifi","2",22726
"1474","scifi","3",21738
"1475","scifi","4",21098
"1476","scifi","5",13729
"1477","scifi","6",15260
"1478","seduction","0",14874
"1479","seduction","1",15483
"1480","seduction","2",15736
"1481","seduction","3",15052
"1482","seduction","4",12727
"1483","seduction","5",10344
"1484","seduction","6",10413
"1485","self","0",20709
"1486","self","1",18828
"1487","self","2",21402
"1488","self","3",22925
"1489","self","4",18863
"1490","self","5",15984
"1491","self","6",16592
"1492","sex","0",27153
"1493","sex","1",27730
"1494","sex","2",28207
"1495","sex","3",27317
"1496","sex","4",20730
"1497","sex","5",21391
"1498","sex","6",25422
"1499","shittyaskscience","0",9907
"1500","shittyaskscience","1",10624
"1501","shittyaskscience","2",10523
"1502","shittyaskscience","3",10883
"1503","shittyaskscience","4",11426
"1504","shittyaskscience","5",8438
"1505","shittyaskscience","6",8740
"1506","showerthoughts","0",21831
"1507","showerthoughts","1",19924
"1508","showerthoughts","2",18000
"1509","showerthoughts","3",21698
"1510","showerthoughts","4",19465
"1511","showerthoughts","5",18493
"1512","showerthoughts","6",19689
"1513","shutupandtakemymoney","0",9733
"1514","shutupandtakemymoney","1",10462
"1515","shutupandtakemymoney","2",11303
"1516","shutupandtakemymoney","3",10032
"1517","shutupandtakemymoney","4",9661
"1518","shutupandtakemymoney","5",6591
"1519","shutupandtakemymoney","6",6984
"1520","skincareaddiction","0",9879
"1521","skincareaddiction","1",9826
"1522","skincareaddiction","2",9608
"1523","skincareaddiction","3",10340
"1524","skincareaddiction","4",9491
"1525","skincareaddiction","5",8593
"1526","skincareaddiction","6",9415
"1527","skyrim","0",21374
"1528","skyrim","1",21143
"1529","skyrim","2",21476
"1530","skyrim","3",21210
"1531","skyrim","4",20070
"1532","skyrim","5",17452
"1533","skyrim","6",20532
"1534","slowcooking","0",6348
"1535","slowcooking","1",6189
"1536","slowcooking","2",6780
"1537","slowcooking","3",6659
"1538","slowcooking","4",5540
"1539","slowcooking","5",4474
"1540","slowcooking","6",4660
"1541","smashbros","0",21417
"1542","smashbros","1",20747
"1543","smashbros","2",20187
"1544","smashbros","3",22489
"1545","smashbros","4",20476
"1546","smashbros","5",14418
"1547","smashbros","6",16571
"1548","soccer","0",27730
"1549","soccer","1",28152
"1550","soccer","2",29308
"1551","soccer","3",22346
"1552","soccer","4",18693
"1553","soccer","5",28076
"1554","soccer","6",34141
"1555","southpark","0",6677
"1556","southpark","1",5841
"1557","southpark","2",6627
"1558","southpark","3",8239
"1559","southpark","4",7248
"1560","southpark","5",5766
"1561","southpark","6",7358
"1562","space","0",20495
"1563","space","1",21242
"1564","space","2",21258
"1565","space","3",20183
"1566","space","4",18939
"1567","space","5",14628
"1568","space","6",16583
"1569","spaceporn","0",7589
"1570","spaceporn","1",7042
"1571","spaceporn","2",7966
"1572","spaceporn","3",8531
"1573","spaceporn","4",7778
"1574","spaceporn","5",5795
"1575","spaceporn","6",6133
"1576","sports","0",21651
"1577","sports","1",20509
"1578","sports","2",21321
"1579","sports","3",20601
"1580","sports","4",20003
"1581","sports","5",14251
"1582","sports","6",18851
"1583","standupshots","0",11114
"1584","standupshots","1",12533
"1585","standupshots","2",11075
"1586","standupshots","3",10963
"1587","standupshots","4",11209
"1588","standupshots","5",7144
"1589","standupshots","6",7401
"1590","starcraft","0",23652
"1591","starcraft","1",24726
"1592","starcraft","2",24307
"1593","starcraft","3",23397
"1594","starcraft","4",21551
"1595","starcraft","5",22514
"1596","starcraft","6",22451
"1597","starwars","0",14544
"1598","starwars","1",15898
"1599","starwars","2",12440
"1600","starwars","3",14729
"1601","starwars","4",15004
"1602","starwars","5",13049
"1603","starwars","6",15168
"1604","steam","0",13137
"1605","steam","1",13136
"1606","steam","2",14028
"1607","steam","3",17091
"1608","steam","4",13033
"1609","steam","5",11383
"1610","steam","6",10553
"1611","subredditdrama","0",30990
"1612","subredditdrama","1",28102
"1613","subredditdrama","2",28654
"1614","subredditdrama","3",25795
"1615","subredditdrama","4",25687
"1616","subredditdrama","5",22497
"1617","subredditdrama","6",24755
"1618","subredditoftheday","0",3691
"1619","subredditoftheday","1",3835
"1620","subredditoftheday","2",4415
"1621","subredditoftheday","3",3581
"1622","subredditoftheday","4",3673
"1623","subredditoftheday","5",3658
"1624","subredditoftheday","6",3464
"1625","talesfromretail","0",20060
"1626","talesfromretail","1",20212
"1627","talesfromretail","2",18962
"1628","talesfromretail","3",19090
"1629","talesfromretail","4",17801
"1630","talesfromretail","5",14866
"1631","talesfromretail","6",16073
"1632","talesfromtechsupport","0",24517
"1633","talesfromtechsupport","1",24765
"1634","talesfromtechsupport","2",26988
"1635","talesfromtechsupport","3",27686
"1636","talesfromtechsupport","4",24422
"1637","talesfromtechsupport","5",13840
"1638","talesfromtechsupport","6",15865
"1639","tattoos","0",12035
"1640","tattoos","1",12955
"1641","tattoos","2",12757
"1642","tattoos","3",12933
"1643","tattoos","4",11104
"1644","tattoos","5",10544
"1645","tattoos","6",11092
"1646","technology","0",29456
"1647","technology","1",29701
"1648","technology","2",34265
"1649","technology","3",32922
"1650","technology","4",31032
"1651","technology","5",21462
"1652","technology","6",18610
"1653","television","0",22949
"1654","television","1",20806
"1655","television","2",23161
"1656","television","3",24212
"1657","television","4",21842
"1658","television","5",17973
"1659","television","6",19293
"1660","tf2","0",16013
"1661","tf2","1",15208
"1662","tf2","2",19051
"1663","tf2","3",16171
"1664","tf2","4",14634
"1665","tf2","5",16612
"1666","tf2","6",17696
"1667","thathappened","0",17330
"1668","thathappened","1",17095
"1669","thathappened","2",17738
"1670","thathappened","3",16805
"1671","thathappened","4",17352
"1672","thathappened","5",15790
"1673","thathappened","6",16058
"1674","thelastairbender","0",13706
"1675","thelastairbender","1",13670
"1676","thelastairbender","2",14008
"1677","thelastairbender","3",12972
"1678","thelastairbender","4",15713
"1679","thelastairbender","5",16388
"1680","thelastairbender","6",16956
"1681","thewalkingdead","0",31666
"1682","thewalkingdead","1",19325
"1683","thewalkingdead","2",13279
"1684","thewalkingdead","3",11324
"1685","thewalkingdead","4",10431
"1686","thewalkingdead","5",8765
"1687","thewalkingdead","6",15216
"1688","tifu","0",25260
"1689","tifu","1",27180
"1690","tifu","2",25480
"1691","tifu","3",25869
"1692","tifu","4",22903
"1693","tifu","5",21330
"1694","tifu","6",22716
"1695","tipofmytongue","0",4576
"1696","tipofmytongue","1",4358
"1697","tipofmytongue","2",4368
"1698","tipofmytongue","3",4659
"1699","tipofmytongue","4",4245
"1700","tipofmytongue","5",3623
"1701","tipofmytongue","6",4022
"1702","todayilearned","0",29708
"1703","todayilearned","1",28399
"1704","todayilearned","2",30234
"1705","todayilearned","3",28083
"1706","todayilearned","4",29870
"1707","todayilearned","5",24928
"1708","todayilearned","6",25434
"1709","topgear","0",9690
"1710","topgear","1",8980
"1711","topgear","2",7404
"1712","topgear","3",9470
"1713","topgear","4",8889
"1714","topgear","5",7755
"1715","topgear","6",7973
"1716","travel","0",11736
"1717","travel","1",13568
"1718","travel","2",13295
"1719","travel","3",12273
"1720","travel","4",11350
"1721","travel","5",8423
"1722","travel","6",10101
"1723","trees","0",23847
"1724","trees","1",28416
"1725","trees","2",34724
"1726","trees","3",29549
"1727","trees","4",24128
"1728","trees","5",21122
"1729","trees","6",19114
"1730","trollxchromosomes","0",17083
"1731","trollxchromosomes","1",18842
"1732","trollxchromosomes","2",18024
"1733","trollxchromosomes","3",18051
"1734","trollxchromosomes","4",17405
"1735","trollxchromosomes","5",13703
"1736","trollxchromosomes","6",13553
"1737","truegaming","0",25127
"1738","truegaming","1",26131
"1739","truegaming","2",24530
"1740","truegaming","3",23757
"1741","truegaming","4",23641
"1742","truegaming","5",19406
"1743","truegaming","6",21328
"1744","truereddit","0",28127
"1745","truereddit","1",26624
"1746","truereddit","2",28158
"1747","truereddit","3",27075
"1748","truereddit","4",26638
"1749","truereddit","5",18559
"1750","truereddit","6",21216
"1751","tumblrinaction","0",29440
"1752","tumblrinaction","1",27146
"1753","tumblrinaction","2",27648
"1754","tumblrinaction","3",26994
"1755","tumblrinaction","4",24283
"1756","tumblrinaction","5",22303
"1757","tumblrinaction","6",27018
"1758","twoxchromosomes","0",20810
"1759","twoxchromosomes","1",21868
"1760","twoxchromosomes","2",20912
"1761","twoxchromosomes","3",22584
"1762","twoxchromosomes","4",33159
"1763","twoxchromosomes","5",23979
"1764","twoxchromosomes","6",17664
"1765","unexpected","0",14680
"1766","unexpected","1",15474
"1767","unexpected","2",14918
"1768","unexpected","3",15772
"1769","unexpected","4",15119
"1770","unexpected","5",13532
"1771","unexpected","6",14120
"1772","upliftingnews","0",6936
"1773","upliftingnews","1",8279
"1774","upliftingnews","2",7271
"1775","upliftingnews","3",8631
"1776","upliftingnews","4",6858
"1777","upliftingnews","5",5480
"1778","upliftingnews","6",5687
"1779","videos","0",31305
"1780","videos","1",30586
"1781","videos","2",34185
"1782","videos","3",30135
"1783","videos","4",26365
"1784","videos","5",23128
"1785","videos","6",21978
"1786","wallpaper","0",3893
"1787","wallpaper","1",3679
"1788","wallpaper","2",4133
"1789","wallpaper","3",3878
"1790","wallpaper","4",3633
"1791","wallpaper","5",3448
"1792","wallpaper","6",3161
"1793","wallpapers","0",8809
"1794","wallpapers","1",9414
"1795","wallpapers","2",9116
"1796","wallpapers","3",8408
"1797","wallpapers","4",8366
"1798","wallpapers","5",7608
"1799","wallpapers","6",8654
"1800","wearethemusicmakers","0",12093
"1801","wearethemusicmakers","1",11968
"1802","wearethemusicmakers","2",11227
"1803","wearethemusicmakers","3",12552
"1804","wearethemusicmakers","4",11731
"1805","wearethemusicmakers","5",8356
"1806","wearethemusicmakers","6",8719
"1807","web_design","0",11773
"1808","web_design","1",12784
"1809","web_design","2",13868
"1810","web_design","3",14781
"1811","web_design","4",11303
"1812","web_design","5",5699
"1813","web_design","6",7729
"1814","whatcouldgowrong","0",11617
"1815","whatcouldgowrong","1",11078
"1816","whatcouldgowrong","2",12751
"1817","whatcouldgowrong","3",11486
"1818","whatcouldgowrong","4",12214
"1819","whatcouldgowrong","5",10055
"1820","whatcouldgowrong","6",9986
"1821","whatisthisthing","0",9612
"1822","whatisthisthing","1",9956
"1823","whatisthisthing","2",9835
"1824","whatisthisthing","3",10505
"1825","whatisthisthing","4",9699
"1826","whatisthisthing","5",7850
"1827","whatisthisthing","6",8882
"1828","wheredidthesodago","0",14089
"1829","wheredidthesodago","1",13962
"1830","wheredidthesodago","2",12876
"1831","wheredidthesodago","3",13772
"1832","wheredidthesodago","4",13006
"1833","wheredidthesodago","5",11791
"1834","wheredidthesodago","6",12662
"1835","wikipedia","0",9703
"1836","wikipedia","1",11534
"1837","wikipedia","2",11083
"1838","wikipedia","3",9655
"1839","wikipedia","4",9739
"1840","wikipedia","5",7387
"1841","wikipedia","6",8465
"1842","woahdude","0",23789
"1843","woahdude","1",23912
"1844","woahdude","2",23097
"1845","woahdude","3",20521
"1846","woahdude","4",21006
"1847","woahdude","5",21085
"1848","woahdude","6",22192
"1849","worldcup","0",10274
"1850","worldcup","1",10590
"1851","worldcup","2",9259
"1852","worldcup","3",8994
"1853","worldcup","4",7788
"1854","worldcup","5",8801
"1855","worldcup","6",9708
"1856","worldnews","0",28474
"1857","worldnews","1",32157
"1858","worldnews","2",31101
"1859","worldnews","3",32597
"1860","worldnews","4",28404
"1861","worldnews","5",22310
"1862","worldnews","6",22407
"1863","worldpolitics","0",15277
"1864","worldpolitics","1",15168
"1865","worldpolitics","2",16704
"1866","worldpolitics","3",16284
"1867","worldpolitics","4",13730
"1868","worldpolitics","5",10155
"1869","worldpolitics","6",13565
"1870","wow","0",18466
"1871","wow","1",21314
"1872","wow","2",21111
"1873","wow","3",22079
"1874","wow","4",19943
"1875","wow","5",17036
"1876","wow","6",16694
"1877","writing","0",11934
"1878","writing","1",12642
"1879","writing","2",12383
"1880","writing","3",13531
"1881","writing","4",10882
"1882","writing","5",8809
"1883","writing","6",8583
"1884","writingprompts","0",10798
"1885","writingprompts","1",12449
"1886","writingprompts","2",11085
"1887","writingprompts","3",9743
"1888","writingprompts","4",9541
"1889","writingprompts","5",7886
"1890","writingprompts","6",9730
"1891","wtf","0",30825
"1892","wtf","1",30845
"1893","wtf","2",30980
"1894","wtf","3",27591
"1895","wtf","4",27038
"1896","wtf","5",23122
"1897","wtf","6",26535
"1898","youdontsurf","0",2265
"1899","youdontsurf","1",2639
"1900","youdontsurf","2",2477
"1901","youdontsurf","3",2428
"1902","youdontsurf","4",2505
"1903","youdontsurf","5",2478
"1904","youdontsurf","6",2523
"1905","youshouldknow","0",19039
"1906","youshouldknow","1",18757
"1907","youshouldknow","2",19514
"1908","youshouldknow","3",18880
"1909","youshouldknow","4",18203
"1910","youshouldknow","5",16325
"1911","youshouldknow","6",17319
"1912","youtubehaiku","0",8886
"1913","youtubehaiku","1",9193
"1914","youtubehaiku","2",8849
"1915","youtubehaiku","3",7843
"1916","youtubehaiku","4",7209
"1917","youtubehaiku","5",5981
"1918","youtubehaiku","6",7606
"1919","zelda","0",9606
"1920","zelda","1",9748
"1921","zelda","2",9736
"1922","zelda","3",8683
"1923","zelda","4",8209
"1924","zelda","5",6733
"1925","zelda","6",7609
